--
-- PostgreSQL database dump
--

\restrict dVEmyrhEIziNVntZQLFnaNL8fUgm1V161feNIo5k1QgendfDvv4kFJZxTP5ZaVK

-- Dumped from database version 18.4
-- Dumped by pg_dump version 18.4

-- Started on 2026-05-19 07:25:08

SET statement_timeout = 0;
SET lock_timeout = 0;
SET idle_in_transaction_session_timeout = 0;
SET transaction_timeout = 0;
SET client_encoding = 'UTF8';
SET standard_conforming_strings = on;
SELECT pg_catalog.set_config('search_path', '', false);
SET check_function_bodies = false;
SET xmloption = content;
SET client_min_messages = warning;
SET row_security = off;

SET default_tablespace = '';

SET default_table_access_method = heap;

--
-- TOC entry 226 (class 1259 OID 16424)
-- Name: auth_group; Type: TABLE; Schema: public; Owner: postgres
--

CREATE TABLE public.auth_group (
    id integer NOT NULL,
    name character varying(150) NOT NULL
);


ALTER TABLE public.auth_group OWNER TO postgres;

--
-- TOC entry 225 (class 1259 OID 16423)
-- Name: auth_group_id_seq; Type: SEQUENCE; Schema: public; Owner: postgres
--

ALTER TABLE public.auth_group ALTER COLUMN id ADD GENERATED BY DEFAULT AS IDENTITY (
    SEQUENCE NAME public.auth_group_id_seq
    START WITH 1
    INCREMENT BY 1
    NO MINVALUE
    NO MAXVALUE
    CACHE 1
);


--
-- TOC entry 228 (class 1259 OID 16434)
-- Name: auth_group_permissions; Type: TABLE; Schema: public; Owner: postgres
--

CREATE TABLE public.auth_group_permissions (
    id bigint NOT NULL,
    group_id integer NOT NULL,
    permission_id integer NOT NULL
);


ALTER TABLE public.auth_group_permissions OWNER TO postgres;

--
-- TOC entry 227 (class 1259 OID 16433)
-- Name: auth_group_permissions_id_seq; Type: SEQUENCE; Schema: public; Owner: postgres
--

ALTER TABLE public.auth_group_permissions ALTER COLUMN id ADD GENERATED BY DEFAULT AS IDENTITY (
    SEQUENCE NAME public.auth_group_permissions_id_seq
    START WITH 1
    INCREMENT BY 1
    NO MINVALUE
    NO MAXVALUE
    CACHE 1
);


--
-- TOC entry 224 (class 1259 OID 16414)
-- Name: auth_permission; Type: TABLE; Schema: public; Owner: postgres
--

CREATE TABLE public.auth_permission (
    id integer NOT NULL,
    name character varying(255) NOT NULL,
    content_type_id integer NOT NULL,
    codename character varying(100) NOT NULL
);


ALTER TABLE public.auth_permission OWNER TO postgres;

--
-- TOC entry 223 (class 1259 OID 16413)
-- Name: auth_permission_id_seq; Type: SEQUENCE; Schema: public; Owner: postgres
--

ALTER TABLE public.auth_permission ALTER COLUMN id ADD GENERATED BY DEFAULT AS IDENTITY (
    SEQUENCE NAME public.auth_permission_id_seq
    START WITH 1
    INCREMENT BY 1
    NO MINVALUE
    NO MAXVALUE
    CACHE 1
);


--
-- TOC entry 230 (class 1259 OID 16443)
-- Name: auth_user; Type: TABLE; Schema: public; Owner: postgres
--

CREATE TABLE public.auth_user (
    id integer NOT NULL,
    password character varying(128) NOT NULL,
    last_login timestamp with time zone,
    is_superuser boolean NOT NULL,
    username character varying(150) NOT NULL,
    first_name character varying(150) NOT NULL,
    last_name character varying(150) NOT NULL,
    email character varying(254) NOT NULL,
    is_staff boolean NOT NULL,
    is_active boolean NOT NULL,
    date_joined timestamp with time zone NOT NULL
);


ALTER TABLE public.auth_user OWNER TO postgres;

--
-- TOC entry 232 (class 1259 OID 16462)
-- Name: auth_user_groups; Type: TABLE; Schema: public; Owner: postgres
--

CREATE TABLE public.auth_user_groups (
    id bigint NOT NULL,
    user_id integer NOT NULL,
    group_id integer NOT NULL
);


ALTER TABLE public.auth_user_groups OWNER TO postgres;

--
-- TOC entry 231 (class 1259 OID 16461)
-- Name: auth_user_groups_id_seq; Type: SEQUENCE; Schema: public; Owner: postgres
--

ALTER TABLE public.auth_user_groups ALTER COLUMN id ADD GENERATED BY DEFAULT AS IDENTITY (
    SEQUENCE NAME public.auth_user_groups_id_seq
    START WITH 1
    INCREMENT BY 1
    NO MINVALUE
    NO MAXVALUE
    CACHE 1
);


--
-- TOC entry 229 (class 1259 OID 16442)
-- Name: auth_user_id_seq; Type: SEQUENCE; Schema: public; Owner: postgres
--

ALTER TABLE public.auth_user ALTER COLUMN id ADD GENERATED BY DEFAULT AS IDENTITY (
    SEQUENCE NAME public.auth_user_id_seq
    START WITH 1
    INCREMENT BY 1
    NO MINVALUE
    NO MAXVALUE
    CACHE 1
);


--
-- TOC entry 234 (class 1259 OID 16471)
-- Name: auth_user_user_permissions; Type: TABLE; Schema: public; Owner: postgres
--

CREATE TABLE public.auth_user_user_permissions (
    id bigint NOT NULL,
    user_id integer NOT NULL,
    permission_id integer NOT NULL
);


ALTER TABLE public.auth_user_user_permissions OWNER TO postgres;

--
-- TOC entry 233 (class 1259 OID 16470)
-- Name: auth_user_user_permissions_id_seq; Type: SEQUENCE; Schema: public; Owner: postgres
--

ALTER TABLE public.auth_user_user_permissions ALTER COLUMN id ADD GENERATED BY DEFAULT AS IDENTITY (
    SEQUENCE NAME public.auth_user_user_permissions_id_seq
    START WITH 1
    INCREMENT BY 1
    NO MINVALUE
    NO MAXVALUE
    CACHE 1
);


--
-- TOC entry 250 (class 1259 OID 16705)
-- Name: authtoken_token; Type: TABLE; Schema: public; Owner: postgres
--

CREATE TABLE public.authtoken_token (
    key character varying(40) NOT NULL,
    created timestamp with time zone NOT NULL,
    user_id integer NOT NULL
);


ALTER TABLE public.authtoken_token OWNER TO postgres;

--
-- TOC entry 245 (class 1259 OID 16622)
-- Name: core_answer; Type: TABLE; Schema: public; Owner: postgres
--

CREATE TABLE public.core_answer (
    id bigint NOT NULL,
    year integer NOT NULL,
    boolean_answer boolean,
    is_answered boolean NOT NULL,
    metric_value character varying(255) NOT NULL,
    created_at timestamp with time zone NOT NULL,
    updated_at timestamp with time zone NOT NULL,
    company_id bigint NOT NULL,
    question_id bigint NOT NULL,
    CONSTRAINT core_answer_year_check CHECK ((year >= 0))
);


ALTER TABLE public.core_answer OWNER TO postgres;

--
-- TOC entry 256 (class 1259 OID 17488)
-- Name: core_answer_documents; Type: TABLE; Schema: public; Owner: postgres
--

CREATE TABLE public.core_answer_documents (
    id bigint NOT NULL,
    answer_id bigint NOT NULL,
    document_id bigint NOT NULL
);


ALTER TABLE public.core_answer_documents OWNER TO postgres;

--
-- TOC entry 255 (class 1259 OID 17487)
-- Name: core_answer_documents_id_seq; Type: SEQUENCE; Schema: public; Owner: postgres
--

ALTER TABLE public.core_answer_documents ALTER COLUMN id ADD GENERATED BY DEFAULT AS IDENTITY (
    SEQUENCE NAME public.core_answer_documents_id_seq
    START WITH 1
    INCREMENT BY 1
    NO MINVALUE
    NO MAXVALUE
    CACHE 1
);


--
-- TOC entry 244 (class 1259 OID 16621)
-- Name: core_answer_id_seq; Type: SEQUENCE; Schema: public; Owner: postgres
--

ALTER TABLE public.core_answer ALTER COLUMN id ADD GENERATED BY DEFAULT AS IDENTITY (
    SEQUENCE NAME public.core_answer_id_seq
    START WITH 1
    INCREMENT BY 1
    NO MINVALUE
    NO MAXVALUE
    CACHE 1
);


--
-- TOC entry 239 (class 1259 OID 16585)
-- Name: core_category; Type: TABLE; Schema: public; Owner: postgres
--

CREATE TABLE public.core_category (
    id bigint NOT NULL,
    code character varying(1) NOT NULL,
    name character varying(100) NOT NULL
);


ALTER TABLE public.core_category OWNER TO postgres;

--
-- TOC entry 238 (class 1259 OID 16584)
-- Name: core_category_id_seq; Type: SEQUENCE; Schema: public; Owner: postgres
--

ALTER TABLE public.core_category ALTER COLUMN id ADD GENERATED BY DEFAULT AS IDENTITY (
    SEQUENCE NAME public.core_category_id_seq
    START WITH 1
    INCREMENT BY 1
    NO MINVALUE
    NO MAXVALUE
    CACHE 1
);


--
-- TOC entry 243 (class 1259 OID 16614)
-- Name: core_company; Type: TABLE; Schema: public; Owner: postgres
--

CREATE TABLE public.core_company (
    id bigint NOT NULL,
    name character varying(255) NOT NULL,
    user_id integer
);


ALTER TABLE public.core_company OWNER TO postgres;

--
-- TOC entry 242 (class 1259 OID 16613)
-- Name: core_company_id_seq; Type: SEQUENCE; Schema: public; Owner: postgres
--

ALTER TABLE public.core_company ALTER COLUMN id ADD GENERATED BY DEFAULT AS IDENTITY (
    SEQUENCE NAME public.core_company_id_seq
    START WITH 1
    INCREMENT BY 1
    NO MINVALUE
    NO MAXVALUE
    CACHE 1
);


--
-- TOC entry 252 (class 1259 OID 16728)
-- Name: core_companybasismoduldata; Type: TABLE; Schema: public; Owner: postgres
--

CREATE TABLE public.core_companybasismoduldata (
    id bigint NOT NULL,
    legal_form character varying(100),
    nace_sector_codes jsonb,
    balance_sheet_total numeric(15,2),
    revenue numeric(15,2),
    employees integer,
    asset_locations text,
    confidentiality_exclusions text,
    esg_certificate_description text,
    has_initiatives boolean,
    electricity_renewable numeric(10,2),
    electricity_non_renewable numeric(10,2),
    fuel_renewable numeric(10,2),
    fuel_non_renewable numeric(10,2),
    scope1_emissions numeric(10,2),
    scope2_emissions numeric(10,2),
    co2e_intensity numeric(10,2),
    scope3_emissions numeric(10,2),
    pollution_reporting text,
    biodiversity_sensitive_areas text,
    land_area_usage numeric(10,2),
    water_withdrawal numeric(10,2),
    water_consumption numeric(10,2),
    uses_circular_economy_principles boolean,
    circular_economy_description text,
    total_waste_hazardous numeric(10,2),
    total_waste_non_hazardous numeric(10,2),
    waste_recycled numeric(10,2),
    mass_flow_materials text,
    contract_type text,
    gender_composition text,
    employees_abroad text,
    employee_turnover numeric(5,2),
    work_accidents integer,
    work_related_deaths integer,
    salary_below_minimum character varying(50),
    gender_pay_gap numeric(5,2),
    collective_bargaining_coverage numeric(5,2),
    avg_training_hours numeric(5,2),
    corruption_bribery_cases integer,
    company_id bigint NOT NULL,
    year integer NOT NULL,
    CONSTRAINT core_companybasismoduldata_corruption_bribery_cases_check CHECK ((corruption_bribery_cases >= 0)),
    CONSTRAINT core_companybasismoduldata_employees_check CHECK ((employees >= 0)),
    CONSTRAINT core_companybasismoduldata_work_accidents_check CHECK ((work_accidents >= 0)),
    CONSTRAINT core_companybasismoduldata_work_related_deaths_check CHECK ((work_related_deaths >= 0)),
    CONSTRAINT core_companybasismoduldata_year_check CHECK ((year >= 0))
);


ALTER TABLE public.core_companybasismoduldata OWNER TO postgres;

--
-- TOC entry 251 (class 1259 OID 16727)
-- Name: core_companybasismoduldata_id_seq; Type: SEQUENCE; Schema: public; Owner: postgres
--

ALTER TABLE public.core_companybasismoduldata ALTER COLUMN id ADD GENERATED BY DEFAULT AS IDENTITY (
    SEQUENCE NAME public.core_companybasismoduldata_id_seq
    START WITH 1
    INCREMENT BY 1
    NO MINVALUE
    NO MAXVALUE
    CACHE 1
);


--
-- TOC entry 254 (class 1259 OID 17464)
-- Name: core_companyextendedmoduledata; Type: TABLE; Schema: public; Owner: postgres
--

CREATE TABLE public.core_companyextendedmoduledata (
    id bigint NOT NULL,
    year integer NOT NULL,
    products_services_groups text,
    markets text,
    business_relations text,
    strategy_sustainability_elements text,
    existing_practices_policies text,
    future_initiatives_targets text,
    highest_management_level character varying(255),
    scope3_co2e_relevant boolean,
    scope3_co2e_emissions numeric(10,2),
    co2e_reduction_target text,
    co2e_baseline_year integer,
    co2e_reduction_actions text,
    climate_transition_plan text,
    climate_risks_description text,
    exposure_vulnerability text,
    climate_risks_time_horizon character varying(255),
    climate_adaptation boolean,
    financial_impact_climate_risks text,
    gender_management_ratio character varying(50),
    independent_workers integer,
    temporary_workers integer,
    code_of_conduct_hr_policy boolean,
    grievance_mechanism boolean,
    confirmed_hr_incidents_own_workforce text,
    confirmed_hr_incidents_value_chain text,
    revenue_selected_sectors text,
    eu_benchmarks_exceedance boolean,
    gender_top_management_ratio character varying(50),
    company_id bigint NOT NULL,
    CONSTRAINT core_companyextendedmoduledata_co2e_baseline_year_check CHECK ((co2e_baseline_year >= 0)),
    CONSTRAINT core_companyextendedmoduledata_independent_workers_check CHECK ((independent_workers >= 0)),
    CONSTRAINT core_companyextendedmoduledata_temporary_workers_check CHECK ((temporary_workers >= 0)),
    CONSTRAINT core_companyextendedmoduledata_year_check CHECK ((year >= 0))
);


ALTER TABLE public.core_companyextendedmoduledata OWNER TO postgres;

--
-- TOC entry 253 (class 1259 OID 17463)
-- Name: core_companyextendedmoduledata_id_seq; Type: SEQUENCE; Schema: public; Owner: postgres
--

ALTER TABLE public.core_companyextendedmoduledata ALTER COLUMN id ADD GENERATED BY DEFAULT AS IDENTITY (
    SEQUENCE NAME public.core_companyextendedmoduledata_id_seq
    START WITH 1
    INCREMENT BY 1
    NO MINVALUE
    NO MAXVALUE
    CACHE 1
);


--
-- TOC entry 247 (class 1259 OID 16637)
-- Name: core_document; Type: TABLE; Schema: public; Owner: postgres
--

CREATE TABLE public.core_document (
    id bigint NOT NULL,
    file character varying(100) NOT NULL,
    uploaded_at timestamp with time zone NOT NULL,
    admin_comment text,
    company_id bigint,
    status character varying(20) NOT NULL,
    topic character varying(255),
    year integer,
    CONSTRAINT core_document_year_check CHECK ((year >= 0))
);


ALTER TABLE public.core_document OWNER TO postgres;

--
-- TOC entry 246 (class 1259 OID 16636)
-- Name: core_document_id_seq; Type: SEQUENCE; Schema: public; Owner: postgres
--

ALTER TABLE public.core_document ALTER COLUMN id ADD GENERATED BY DEFAULT AS IDENTITY (
    SEQUENCE NAME public.core_document_id_seq
    START WITH 1
    INCREMENT BY 1
    NO MINVALUE
    NO MAXVALUE
    CACHE 1
);


--
-- TOC entry 241 (class 1259 OID 16596)
-- Name: core_question; Type: TABLE; Schema: public; Owner: postgres
--

CREATE TABLE public.core_question (
    id bigint NOT NULL,
    question_type character varying(3) NOT NULL,
    text text NOT NULL,
    is_active boolean NOT NULL,
    purpose character varying(10),
    dva_description text NOT NULL,
    typical_industries text NOT NULL,
    topic character varying(255),
    points integer,
    number character varying(20) NOT NULL,
    created_at timestamp with time zone NOT NULL,
    updated_at timestamp with time zone NOT NULL,
    sub_category_id bigint NOT NULL
);


ALTER TABLE public.core_question OWNER TO postgres;

--
-- TOC entry 240 (class 1259 OID 16595)
-- Name: core_question_id_seq; Type: SEQUENCE; Schema: public; Owner: postgres
--

ALTER TABLE public.core_question ALTER COLUMN id ADD GENERATED BY DEFAULT AS IDENTITY (
    SEQUENCE NAME public.core_question_id_seq
    START WITH 1
    INCREMENT BY 1
    NO MINVALUE
    NO MAXVALUE
    CACHE 1
);


--
-- TOC entry 249 (class 1259 OID 16648)
-- Name: core_subcategory; Type: TABLE; Schema: public; Owner: postgres
--

CREATE TABLE public.core_subcategory (
    id bigint NOT NULL,
    label character varying(10) NOT NULL,
    title character varying(255) NOT NULL,
    description text NOT NULL,
    category_id bigint NOT NULL
);


ALTER TABLE public.core_subcategory OWNER TO postgres;

--
-- TOC entry 248 (class 1259 OID 16647)
-- Name: core_subcategory_id_seq; Type: SEQUENCE; Schema: public; Owner: postgres
--

ALTER TABLE public.core_subcategory ALTER COLUMN id ADD GENERATED BY DEFAULT AS IDENTITY (
    SEQUENCE NAME public.core_subcategory_id_seq
    START WITH 1
    INCREMENT BY 1
    NO MINVALUE
    NO MAXVALUE
    CACHE 1
);


--
-- TOC entry 236 (class 1259 OID 16532)
-- Name: django_admin_log; Type: TABLE; Schema: public; Owner: postgres
--

CREATE TABLE public.django_admin_log (
    id integer NOT NULL,
    action_time timestamp with time zone NOT NULL,
    object_id text,
    object_repr character varying(200) NOT NULL,
    action_flag smallint NOT NULL,
    change_message text NOT NULL,
    content_type_id integer,
    user_id integer NOT NULL,
    CONSTRAINT django_admin_log_action_flag_check CHECK ((action_flag >= 0))
);


ALTER TABLE public.django_admin_log OWNER TO postgres;

--
-- TOC entry 235 (class 1259 OID 16531)
-- Name: django_admin_log_id_seq; Type: SEQUENCE; Schema: public; Owner: postgres
--

ALTER TABLE public.django_admin_log ALTER COLUMN id ADD GENERATED BY DEFAULT AS IDENTITY (
    SEQUENCE NAME public.django_admin_log_id_seq
    START WITH 1
    INCREMENT BY 1
    NO MINVALUE
    NO MAXVALUE
    CACHE 1
);


--
-- TOC entry 222 (class 1259 OID 16402)
-- Name: django_content_type; Type: TABLE; Schema: public; Owner: postgres
--

CREATE TABLE public.django_content_type (
    id integer NOT NULL,
    app_label character varying(100) NOT NULL,
    model character varying(100) NOT NULL
);


ALTER TABLE public.django_content_type OWNER TO postgres;

--
-- TOC entry 221 (class 1259 OID 16401)
-- Name: django_content_type_id_seq; Type: SEQUENCE; Schema: public; Owner: postgres
--

ALTER TABLE public.django_content_type ALTER COLUMN id ADD GENERATED BY DEFAULT AS IDENTITY (
    SEQUENCE NAME public.django_content_type_id_seq
    START WITH 1
    INCREMENT BY 1
    NO MINVALUE
    NO MAXVALUE
    CACHE 1
);


--
-- TOC entry 220 (class 1259 OID 16390)
-- Name: django_migrations; Type: TABLE; Schema: public; Owner: postgres
--

CREATE TABLE public.django_migrations (
    id bigint NOT NULL,
    app character varying(255) NOT NULL,
    name character varying(255) NOT NULL,
    applied timestamp with time zone NOT NULL
);


ALTER TABLE public.django_migrations OWNER TO postgres;

--
-- TOC entry 219 (class 1259 OID 16389)
-- Name: django_migrations_id_seq; Type: SEQUENCE; Schema: public; Owner: postgres
--

ALTER TABLE public.django_migrations ALTER COLUMN id ADD GENERATED BY DEFAULT AS IDENTITY (
    SEQUENCE NAME public.django_migrations_id_seq
    START WITH 1
    INCREMENT BY 1
    NO MINVALUE
    NO MAXVALUE
    CACHE 1
);


--
-- TOC entry 237 (class 1259 OID 16572)
-- Name: django_session; Type: TABLE; Schema: public; Owner: postgres
--

CREATE TABLE public.django_session (
    session_key character varying(40) NOT NULL,
    session_data text NOT NULL,
    expire_date timestamp with time zone NOT NULL
);


ALTER TABLE public.django_session OWNER TO postgres;

--
-- TOC entry 5229 (class 0 OID 16424)
-- Dependencies: 226
-- Data for Name: auth_group; Type: TABLE DATA; Schema: public; Owner: postgres
--

COPY public.auth_group (id, name) FROM stdin;
\.


--
-- TOC entry 5231 (class 0 OID 16434)
-- Dependencies: 228
-- Data for Name: auth_group_permissions; Type: TABLE DATA; Schema: public; Owner: postgres
--

COPY public.auth_group_permissions (id, group_id, permission_id) FROM stdin;
\.


--
-- TOC entry 5227 (class 0 OID 16414)
-- Dependencies: 224
-- Data for Name: auth_permission; Type: TABLE DATA; Schema: public; Owner: postgres
--

COPY public.auth_permission (id, name, content_type_id, codename) FROM stdin;
1	Can add log entry	1	add_logentry
2	Can change log entry	1	change_logentry
3	Can delete log entry	1	delete_logentry
4	Can view log entry	1	view_logentry
5	Can add permission	3	add_permission
6	Can change permission	3	change_permission
7	Can delete permission	3	delete_permission
8	Can view permission	3	view_permission
9	Can add group	2	add_group
10	Can change group	2	change_group
11	Can delete group	2	delete_group
12	Can view group	2	view_group
13	Can add user	4	add_user
14	Can change user	4	change_user
15	Can delete user	4	delete_user
16	Can view user	4	view_user
17	Can add content type	5	add_contenttype
18	Can change content type	5	change_contenttype
19	Can delete content type	5	delete_contenttype
20	Can view content type	5	view_contenttype
21	Can add session	6	add_session
22	Can change session	6	change_session
23	Can delete session	6	delete_session
24	Can view session	6	view_session
25	Can add answer	7	add_answer
26	Can change answer	7	change_answer
27	Can delete answer	7	delete_answer
28	Can view answer	7	view_answer
29	Can add document	10	add_document
30	Can change document	10	change_document
31	Can delete document	10	delete_document
32	Can view document	10	view_document
33	Can add sub category	12	add_subcategory
34	Can change sub category	12	change_subcategory
35	Can delete sub category	12	delete_subcategory
36	Can view sub category	12	view_subcategory
37	Can add company	9	add_company
38	Can change company	9	change_company
39	Can delete company	9	delete_company
40	Can view company	9	view_company
41	Can add category	8	add_category
42	Can change category	8	change_category
43	Can delete category	8	delete_category
44	Can view category	8	view_category
45	Can add question	11	add_question
46	Can change question	11	change_question
47	Can delete question	11	delete_question
48	Can view question	11	view_question
49	Can add Token	13	add_token
50	Can change Token	13	change_token
51	Can delete Token	13	delete_token
52	Can view Token	13	view_token
53	Can add Token	14	add_tokenproxy
54	Can change Token	14	change_tokenproxy
55	Can delete Token	14	delete_tokenproxy
56	Can view Token	14	view_tokenproxy
57	Can add Company Basismodul Data	15	add_companybasismoduldata
58	Can change Company Basismodul Data	15	change_companybasismoduldata
59	Can delete Company Basismodul Data	15	delete_companybasismoduldata
60	Can view Company Basismodul Data	15	view_companybasismoduldata
61	Can add Company Extended Module Data	16	add_companyextendedmoduledata
62	Can change Company Extended Module Data	16	change_companyextendedmoduledata
63	Can delete Company Extended Module Data	16	delete_companyextendedmoduledata
64	Can view Company Extended Module Data	16	view_companyextendedmoduledata
\.


--
-- TOC entry 5233 (class 0 OID 16443)
-- Dependencies: 230
-- Data for Name: auth_user; Type: TABLE DATA; Schema: public; Owner: postgres
--

COPY public.auth_user (id, password, last_login, is_superuser, username, first_name, last_name, email, is_staff, is_active, date_joined) FROM stdin;
1	pbkdf2_sha256$1200000$dDY9D7kITDpWekylygW8Xp$11ZytbuRtuYZzug6AFuwE2KhK+pBIDlJcOPZrI5VOuE=	2026-02-23 08:46:28.924076+01	t	DjursConsultAdmin			nlm@djursconsult.dk	t	t	2026-02-06 10:58:34.511681+01
\.


--
-- TOC entry 5235 (class 0 OID 16462)
-- Dependencies: 232
-- Data for Name: auth_user_groups; Type: TABLE DATA; Schema: public; Owner: postgres
--

COPY public.auth_user_groups (id, user_id, group_id) FROM stdin;
\.


--
-- TOC entry 5237 (class 0 OID 16471)
-- Dependencies: 234
-- Data for Name: auth_user_user_permissions; Type: TABLE DATA; Schema: public; Owner: postgres
--

COPY public.auth_user_user_permissions (id, user_id, permission_id) FROM stdin;
\.


--
-- TOC entry 5253 (class 0 OID 16705)
-- Dependencies: 250
-- Data for Name: authtoken_token; Type: TABLE DATA; Schema: public; Owner: postgres
--

COPY public.authtoken_token (key, created, user_id) FROM stdin;
6dd2c17a3083403ed6353eb186a547086b971b30	2026-02-23 11:41:04.45202+01	1
\.


--
-- TOC entry 5248 (class 0 OID 16622)
-- Dependencies: 245
-- Data for Name: core_answer; Type: TABLE DATA; Schema: public; Owner: postgres
--

COPY public.core_answer (id, year, boolean_answer, is_answered, metric_value, created_at, updated_at, company_id, question_id) FROM stdin;
46	2026	t	f		2026-02-17 07:37:00.044544+01	2026-05-18 14:13:23.235664+02	1	1016
212	2025	f	f		2026-02-17 14:28:14.377804+01	2026-05-18 10:11:56.171517+02	1	1030
218	2025	t	f		2026-02-17 14:28:23.071827+01	2026-05-18 10:11:56.190648+02	1	1036
219	2025	f	f		2026-02-17 14:28:23.07456+01	2026-05-18 10:11:56.193544+02	1	1037
220	2025	f	f		2026-02-17 14:28:23.07674+01	2026-05-18 10:11:56.19682+02	1	1038
221	2025	f	f		2026-02-17 14:28:23.078661+01	2026-05-18 10:11:56.201002+02	1	1039
222	2025	f	f		2026-02-17 14:28:23.080652+01	2026-05-18 10:11:56.205352+02	1	1040
228	2025	f	f		2026-02-17 14:28:27.874605+01	2026-05-18 10:11:56.225978+02	1	1046
233	2025	f	f		2026-02-17 14:28:32.473298+01	2026-05-18 10:11:56.249665+02	1	1051
234	2025	f	f		2026-02-17 14:28:32.47633+01	2026-05-18 10:11:56.253963+02	1	1052
238	2025	f	f		2026-02-17 14:28:38.95965+01	2026-05-18 10:11:56.272864+02	1	1056
239	2025	f	f		2026-02-17 14:28:38.965285+01	2026-05-18 10:11:56.277004+02	1	1057
240	2025	t	f		2026-02-17 14:28:38.968865+01	2026-05-18 10:11:56.280757+02	1	1058
29	2024	t	f		2026-02-13 13:29:26.157605+01	2026-05-13 14:42:47.759982+02	1	1001
30	2024	f	f		2026-02-13 13:29:27.727554+01	2026-05-13 14:42:47.762715+02	1	1002
8	2026	\N	f		2026-02-06 13:42:10.204646+01	2026-02-10 14:43:56.876726+01	1	8
10	2026	\N	f		2026-02-06 13:42:13.352924+01	2026-02-10 14:43:56.883463+01	1	10
11	2026	\N	f		2026-02-09 14:03:53.818017+01	2026-02-10 14:43:56.887176+01	1	11
188	2025	f	f		2026-02-17 14:27:59.378774+01	2026-05-18 10:11:56.095389+02	1	1006
13	2026	\N	f		2026-02-09 14:12:16.549461+01	2026-02-10 14:43:56.893283+01	1	13
189	2025	f	f		2026-02-17 14:27:59.381157+01	2026-05-18 10:11:56.098516+02	1	1007
190	2025	f	f		2026-02-17 14:27:59.383363+01	2026-05-18 10:11:56.101691+02	1	1008
191	2025	f	f		2026-02-17 14:27:59.385682+01	2026-05-18 10:11:56.10432+02	1	1009
192	2025	t	f		2026-02-17 14:27:59.389078+01	2026-05-18 10:11:56.107191+02	1	1010
17	2026	t	f		2026-02-10 13:54:46.023396+01	2026-05-18 14:13:23.203508+02	1	1001
18	2026	f	f		2026-02-10 13:54:50.756279+01	2026-05-18 14:13:23.206857+02	1	1002
19	2026	t	f		2026-02-10 13:54:50.760599+01	2026-05-18 14:13:23.209271+02	1	1003
23	2026	f	f		2026-02-10 14:14:28.019556+01	2026-05-18 14:13:23.211567+02	1	1004
24	2026	f	f		2026-02-11 15:48:27.918564+01	2026-05-18 14:13:23.214225+02	1	1005
31	2026	t	f		2026-02-13 13:51:00.620422+01	2026-05-18 14:13:23.216584+02	1	1006
32	2026	f	f		2026-02-13 13:51:00.622907+01	2026-05-18 14:13:23.218358+02	1	1007
41	2026	f	f		2026-02-17 07:36:54.437713+01	2026-05-18 14:13:23.220118+02	1	1008
39	2026	f	f		2026-02-17 07:36:47.828789+01	2026-05-18 14:13:23.222246+02	1	1009
40	2026	t	f		2026-02-17 07:36:47.842867+01	2026-05-18 14:13:23.224173+02	1	1010
28	2026	t	f		2026-02-13 07:51:29.378424+01	2026-05-18 14:13:23.225914+02	1	1011
42	2026	t	f		2026-02-17 07:36:58.057314+01	2026-05-18 14:13:23.227627+02	1	1012
43	2026	t	f		2026-02-17 07:36:58.060747+01	2026-05-18 14:13:23.230131+02	1	1013
44	2026	f	f		2026-02-17 07:36:58.063624+01	2026-05-18 14:13:23.232031+02	1	1014
198	2025	t	f		2026-02-17 14:28:06.901183+01	2026-05-18 10:11:56.125093+02	1	1016
199	2025	f	f		2026-02-17 14:28:06.903437+01	2026-05-18 10:11:56.127977+02	1	1017
200	2025	t	f		2026-02-17 14:28:06.905598+01	2026-05-18 10:11:56.13108+02	1	1018
201	2025	f	f		2026-02-17 14:28:06.908007+01	2026-05-18 10:11:56.133893+02	1	1019
202	2025	f	f		2026-02-17 14:28:06.910697+01	2026-05-18 10:11:56.136691+02	1	1020
211	2025	f	f		2026-02-17 14:28:14.373506+01	2026-05-18 10:11:56.168456+02	1	1029
45	2026	f	f		2026-02-17 07:36:58.06567+01	2026-05-18 14:13:23.23393+02	1	1015
47	2026	t	f		2026-02-17 07:37:00.047741+01	2026-05-18 14:13:23.237375+02	1	1017
48	2026	f	f		2026-02-17 07:37:01.0373+01	2026-05-18 14:13:23.239093+02	1	1018
49	2026	t	f		2026-02-17 07:37:02.693327+01	2026-05-18 14:13:23.241347+02	1	1019
50	2026	t	f		2026-02-17 07:37:02.697533+01	2026-05-18 14:13:23.24333+02	1	1020
51	2026	f	f		2026-02-17 07:37:09.381138+01	2026-05-18 14:13:23.245445+02	1	1021
52	2026	t	f		2026-02-17 07:37:09.383823+01	2026-05-18 14:13:23.247249+02	1	1022
53	2026	t	f		2026-02-17 07:37:09.385971+01	2026-05-18 14:13:23.249432+02	1	1023
54	2026	f	f		2026-02-17 07:37:09.388244+01	2026-05-18 14:13:23.25127+02	1	1024
71	2026	t	f		2026-02-17 07:37:24.901102+01	2026-05-18 14:13:23.285909+02	1	1041
72	2026	t	f		2026-02-17 07:37:24.903385+01	2026-05-18 14:13:23.287698+02	1	1042
73	2026	t	f		2026-02-17 07:37:24.906124+01	2026-05-18 14:13:23.289436+02	1	1043
74	2026	t	f		2026-02-17 07:37:24.908567+01	2026-05-18 14:13:23.291275+02	1	1044
75	2026	t	f		2026-02-17 07:37:24.91056+01	2026-05-18 14:13:23.293262+02	1	1045
76	2026	t	f		2026-02-17 07:37:24.913143+01	2026-05-18 14:13:23.295285+02	1	1046
77	2026	t	f		2026-02-17 07:37:24.915355+01	2026-05-18 14:13:23.29755+02	1	1047
78	2026	t	f		2026-02-17 07:37:24.91728+01	2026-05-18 14:13:23.299459+02	1	1048
79	2026	f	f		2026-02-17 07:37:24.919135+01	2026-05-18 14:13:23.301371+02	1	1049
80	2026	t	f		2026-02-17 07:37:24.922164+01	2026-05-18 14:13:23.303644+02	1	1050
81	2026	f	f		2026-02-17 07:37:32.391394+01	2026-05-18 14:13:23.305891+02	1	1051
82	2026	f	f		2026-02-17 07:37:32.394302+01	2026-05-18 14:13:23.308715+02	1	1052
83	2026	f	f		2026-02-17 07:37:32.397686+01	2026-05-18 14:13:23.31119+02	1	1053
84	2026	f	f		2026-02-17 07:37:32.399815+01	2026-05-18 14:13:23.313113+02	1	1054
85	2026	f	f		2026-02-17 07:37:32.402098+01	2026-05-18 14:13:23.314946+02	1	1055
86	2026	f	f		2026-02-17 07:37:32.404928+01	2026-05-18 14:13:23.317088+02	1	1056
87	2026	f	f		2026-02-17 07:37:32.408547+01	2026-05-18 14:13:23.319073+02	1	1057
88	2026	f	f		2026-02-17 07:37:32.410735+01	2026-05-18 14:13:23.320983+02	1	1058
89	2026	f	f		2026-02-17 07:37:32.412717+01	2026-05-18 14:13:23.323304+02	1	1059
90	2026	t	f		2026-02-17 07:37:32.415308+01	2026-05-18 14:13:23.325734+02	1	1060
91	2026	t	f		2026-02-17 07:37:40.912425+01	2026-05-18 14:13:23.327929+02	1	1061
92	2026	f	f		2026-02-17 07:37:40.915551+01	2026-05-18 14:13:23.33002+02	1	1062
93	2026	t	f		2026-02-17 07:37:40.917636+01	2026-05-18 14:13:23.332128+02	1	1063
94	2026	f	f		2026-02-17 07:37:40.919563+01	2026-05-18 14:13:23.334477+02	1	1064
95	2026	f	f		2026-02-17 07:37:40.922516+01	2026-05-18 14:13:23.336911+02	1	1065
96	2026	t	f		2026-02-17 07:37:40.926325+01	2026-05-18 14:13:23.342925+02	1	1066
97	2026	f	f		2026-02-17 07:37:40.929146+01	2026-05-18 14:13:23.345652+02	1	1067
98	2026	t	f		2026-02-17 07:37:40.931272+01	2026-05-18 14:13:23.347879+02	1	1068
99	2026	t	f		2026-02-17 07:37:40.933174+01	2026-05-18 14:13:23.350313+02	1	1069
100	2026	t	f		2026-02-17 07:37:40.937421+01	2026-05-18 14:13:23.352683+02	1	1070
101	2026	t	f		2026-02-17 07:37:42.833508+01	2026-05-18 14:13:23.35534+02	1	1071
102	2026	f	f		2026-02-17 07:37:46.030748+01	2026-05-18 14:13:23.357248+02	1	1072
103	2026	t	f		2026-02-17 07:37:46.033078+01	2026-05-18 14:13:23.359005+02	1	1073
104	2026	f	f		2026-02-17 07:37:46.035726+01	2026-05-18 14:13:23.361118+02	1	1074
105	2026	t	f		2026-02-17 07:37:46.037774+01	2026-05-18 14:13:23.363287+02	1	1075
106	2026	f	f		2026-02-17 07:37:50.060584+01	2026-05-18 14:13:23.365149+02	1	1076
107	2026	t	f		2026-02-17 07:37:50.06293+01	2026-05-18 14:13:23.366902+02	1	1077
108	2026	t	f		2026-02-17 07:37:50.065594+01	2026-05-18 14:13:23.368977+02	1	1078
109	2026	t	f		2026-02-17 07:37:50.068331+01	2026-05-18 14:13:23.371314+02	1	1079
110	2026	f	f		2026-02-17 07:37:50.072125+01	2026-05-18 14:13:23.373405+02	1	1080
111	2026	t	f		2026-02-17 07:37:57.110253+01	2026-05-18 14:13:23.375623+02	1	1081
112	2026	t	f		2026-02-17 07:37:57.112595+01	2026-05-18 14:13:23.378395+02	1	1082
113	2026	f	f		2026-02-17 07:37:57.11445+01	2026-05-18 14:13:23.382916+02	1	1083
116	2026	t	f		2026-02-17 07:37:57.120844+01	2026-05-18 14:13:23.392482+02	1	1086
117	2026	f	f		2026-02-17 07:37:57.123455+01	2026-05-18 14:13:23.395255+02	1	1087
118	2026	t	f		2026-02-17 07:37:57.125874+01	2026-05-18 14:13:23.398258+02	1	1088
119	2026	t	f		2026-02-17 07:37:57.128035+01	2026-05-18 14:13:23.400953+02	1	1089
120	2026	t	f		2026-02-17 07:37:57.130149+01	2026-05-18 14:13:23.403687+02	1	1090
121	2026	t	f		2026-02-17 07:38:01.524398+01	2026-05-18 14:13:23.406537+02	1	1091
122	2026	f	f		2026-02-17 07:38:01.526577+01	2026-05-18 14:13:23.409668+02	1	1092
123	2026	t	f		2026-02-17 07:38:01.528433+01	2026-05-18 14:13:23.41261+02	1	1093
124	2026	t	f		2026-02-17 07:38:01.53129+01	2026-05-18 14:13:23.415634+02	1	1094
125	2026	f	f		2026-02-17 07:38:01.533392+01	2026-05-18 14:13:23.418851+02	1	1095
126	2026	t	f		2026-02-17 07:38:05.942649+01	2026-05-18 14:13:23.421875+02	1	1096
127	2026	t	f		2026-02-17 07:38:05.945296+01	2026-05-18 14:13:23.425274+02	1	1097
128	2026	f	f		2026-02-17 07:38:05.947401+01	2026-05-18 14:13:23.428125+02	1	1098
129	2026	t	f		2026-02-17 07:38:05.949718+01	2026-05-18 14:13:23.430937+02	1	1099
130	2026	t	f		2026-02-17 07:38:05.952028+01	2026-05-18 14:13:23.433334+02	1	1100
2	2026	\N	t		2026-02-06 13:25:57.38085+01	2026-05-18 14:13:23.437718+02	1	2
3	2026	\N	t		2026-02-06 13:35:14.784742+01	2026-05-18 14:13:23.439799+02	1	3
5	2026	\N	t		2026-02-06 13:35:54.332929+01	2026-05-18 14:13:23.442074+02	1	4
7	2026	\N	t		2026-02-06 13:39:32.100149+01	2026-05-18 14:13:23.448197+02	1	7
9	2026	\N	t		2026-02-06 13:42:11.242221+01	2026-05-18 14:13:23.450527+02	1	9
12	2026	\N	t		2026-02-09 14:03:55.528428+01	2026-05-18 14:13:23.452612+02	1	12
131	2026	\N	t		2026-02-17 07:38:28.062993+01	2026-05-18 14:13:23.454583+02	1	14
132	2026	\N	t		2026-02-17 07:38:31.125673+01	2026-05-18 14:13:23.456676+02	1	16
133	2026	\N	t		2026-02-17 07:38:31.127913+01	2026-05-18 14:13:23.458751+02	1	19
20	2026	\N	t		2026-02-10 14:04:03.135997+01	2026-05-18 14:13:23.460626+02	1	20
21	2026	\N	t		2026-02-10 14:06:23.017929+01	2026-05-18 14:13:23.462488+02	1	21
22	2026	\N	t		2026-02-10 14:11:40.211779+01	2026-05-18 14:13:23.464612+02	1	22
33	2026	\N	t		2026-02-13 14:12:42.469725+01	2026-05-18 14:13:23.466811+02	1	23
34	2026	\N	t		2026-02-13 14:21:15.52747+01	2026-05-18 14:13:23.468881+02	1	24
134	2026	\N	t		2026-02-17 07:38:35.94995+01	2026-05-18 14:13:23.471034+02	1	29
135	2026	\N	t		2026-02-17 07:38:35.952508+01	2026-05-18 14:13:23.473073+02	1	32
136	2026	\N	t		2026-02-17 07:38:39.619531+01	2026-05-18 14:13:23.475167+02	1	34
137	2026	\N	t		2026-02-17 07:38:39.622103+01	2026-05-18 14:13:23.477048+02	1	35
35	2026	\N	t		2026-02-13 14:25:17.203717+01	2026-05-18 14:13:23.478859+02	1	36
36	2026	\N	t		2026-02-13 14:25:25.086803+01	2026-05-18 14:13:23.481318+02	1	37
37	2026	\N	t		2026-02-13 14:25:26.622595+01	2026-05-18 14:13:23.4838+02	1	38
38	2026	\N	t		2026-02-13 14:25:31.243662+01	2026-05-18 14:13:23.485677+02	1	41
138	2026	\N	t		2026-02-17 07:38:43.619466+01	2026-05-18 14:13:23.487512+02	1	42
139	2026	\N	t		2026-02-17 07:38:45.801085+01	2026-05-18 14:13:23.489417+02	1	45
140	2026	\N	t		2026-02-17 07:38:45.803757+01	2026-05-18 14:13:23.491553+02	1	46
141	2026	\N	t		2026-02-17 07:38:45.80624+01	2026-05-18 14:13:23.493439+02	1	49
142	2026	\N	t		2026-02-17 07:38:52.818245+01	2026-05-18 14:13:23.495256+02	1	50
143	2026	\N	t		2026-02-17 07:38:52.820812+01	2026-05-18 14:13:23.497551+02	1	51
144	2026	\N	t		2026-02-17 07:38:54.0649+01	2026-05-18 14:13:23.499866+02	1	52
147	2026	\N	t		2026-02-17 07:38:59.987537+01	2026-05-18 14:13:23.501952+02	1	53
145	2026	\N	t		2026-02-17 07:38:55.888806+01	2026-05-18 14:13:23.503896+02	1	54
148	2026	\N	t		2026-02-17 07:38:59.99173+01	2026-05-18 14:13:23.505803+02	1	55
146	2026	\N	t		2026-02-17 07:38:55.89247+01	2026-05-18 14:13:23.507979+02	1	57
183	2025	t	f		2026-02-17 14:27:55.918616+01	2026-05-18 10:11:56.078223+02	1	1001
184	2025	f	f		2026-02-17 14:27:55.932972+01	2026-05-18 10:11:56.082634+02	1	1002
185	2025	f	f		2026-02-17 14:27:55.937509+01	2026-05-18 10:11:56.085991+02	1	1003
186	2025	f	f		2026-02-17 14:27:55.941014+01	2026-05-18 10:11:56.089099+02	1	1004
187	2025	t	f		2026-02-17 14:27:55.9447+01	2026-05-18 10:11:56.092268+02	1	1005
193	2025	f	f		2026-02-17 14:28:02.991324+01	2026-05-18 10:11:56.110269+02	1	1011
194	2025	t	f		2026-02-17 14:28:02.99396+01	2026-05-18 10:11:56.113433+02	1	1012
195	2025	t	f		2026-02-17 14:28:02.996713+01	2026-05-18 10:11:56.116359+02	1	1013
196	2025	f	f		2026-02-17 14:28:02.999068+01	2026-05-18 10:11:56.119043+02	1	1014
197	2025	t	f		2026-02-17 14:28:03.001115+01	2026-05-18 10:11:56.121837+02	1	1015
203	2025	f	f		2026-02-17 14:28:12.821558+01	2026-05-18 10:11:56.139323+02	1	1021
204	2025	f	f		2026-02-17 14:28:12.823965+01	2026-05-18 10:11:56.142377+02	1	1022
150	2026	\N	t		2026-02-17 07:39:04.539083+01	2026-05-18 14:13:23.512306+02	1	59
151	2026	\N	t		2026-02-17 07:39:04.541362+01	2026-05-18 14:13:23.514125+02	1	60
152	2026	\N	t		2026-02-17 07:39:07.281614+01	2026-05-18 14:13:23.516045+02	1	62
153	2026	\N	t		2026-02-17 07:39:12.526109+01	2026-05-18 14:13:23.517987+02	1	64
154	2026	\N	t		2026-02-17 07:39:13.574435+01	2026-05-18 14:13:23.519826+02	1	65
155	2026	\N	t		2026-02-17 07:39:14.732942+01	2026-05-18 14:13:23.521652+02	1	66
156	2026	\N	t		2026-02-17 07:39:17.850713+01	2026-05-18 14:13:23.523895+02	1	67
157	2026	\N	t		2026-02-17 07:39:17.85287+01	2026-05-18 14:13:23.526202+02	1	69
158	2026	\N	t		2026-02-17 07:39:17.854957+01	2026-05-18 14:13:23.528294+02	1	70
159	2026	\N	t		2026-02-17 07:39:20.857473+01	2026-05-18 14:13:23.53011+02	1	71
160	2026	\N	t		2026-02-17 07:39:22.721615+01	2026-05-18 14:13:23.532196+02	1	72
161	2026	\N	t		2026-02-17 07:39:22.733262+01	2026-05-18 14:13:23.534079+02	1	74
162	2026	\N	t		2026-02-17 07:39:24.672774+01	2026-05-18 14:13:23.53598+02	1	76
163	2026	\N	t		2026-02-17 07:39:24.675224+01	2026-05-18 14:13:23.53781+02	1	78
164	2026	\N	t		2026-02-17 07:39:27.039443+01	2026-05-18 14:13:23.53998+02	1	79
165	2026	\N	t		2026-02-17 07:39:27.04239+01	2026-05-18 14:13:23.5419+02	1	80
166	2026	\N	t		2026-02-17 07:39:28.817216+01	2026-05-18 14:13:23.543744+02	1	81
205	2025	f	f		2026-02-17 14:28:12.826377+01	2026-05-18 10:11:56.145518+02	1	1023
206	2025	f	f		2026-02-17 14:28:12.829951+01	2026-05-18 10:11:56.149245+02	1	1024
207	2025	t	f		2026-02-17 14:28:12.833036+01	2026-05-18 10:11:56.153952+02	1	1025
208	2025	f	f		2026-02-17 14:28:12.835191+01	2026-05-18 10:11:56.158474+02	1	1026
209	2025	t	f		2026-02-17 14:28:12.837186+01	2026-05-18 10:11:56.161615+02	1	1027
167	2026	\N	t		2026-02-17 07:39:30.600164+01	2026-05-18 14:13:23.545574+02	1	83
168	2026	\N	t		2026-02-17 07:39:30.602967+01	2026-05-18 14:13:23.547507+02	1	84
169	2026	\N	t		2026-02-17 07:39:31.705778+01	2026-05-18 14:13:23.549513+02	1	86
170	2026	\N	t		2026-02-17 07:39:33.786339+01	2026-05-18 14:13:23.551675+02	1	87
171	2026	\N	t		2026-02-17 07:39:33.790514+01	2026-05-18 14:13:23.553645+02	1	89
172	2026	\N	t		2026-02-17 07:39:42.520448+01	2026-05-18 14:13:23.555592+02	1	90
173	2026	\N	t		2026-02-17 07:39:42.52297+01	2026-05-18 14:13:23.558324+02	1	91
175	2026	\N	t		2026-02-17 07:39:44.635847+01	2026-05-18 14:13:23.560459+02	1	92
177	2026	\N	t		2026-02-17 07:39:49.1526+01	2026-05-18 14:13:23.562497+02	1	93
210	2025	f	f		2026-02-17 14:28:12.839173+01	2026-05-18 10:11:56.165149+02	1	1028
213	2025	t	f		2026-02-17 14:28:19.625421+01	2026-05-18 10:11:56.175027+02	1	1031
214	2025	f	f		2026-02-17 14:28:19.628908+01	2026-05-18 10:11:56.178092+02	1	1032
215	2025	f	f		2026-02-17 14:28:19.630978+01	2026-05-18 10:11:56.181363+02	1	1033
216	2025	f	f		2026-02-17 14:28:19.632991+01	2026-05-18 10:11:56.18447+02	1	1034
217	2025	f	f		2026-02-17 14:28:19.63747+01	2026-05-18 10:11:56.187431+02	1	1035
223	2025	t	f		2026-02-17 14:28:26.692768+01	2026-05-18 10:11:56.209715+02	1	1041
224	2025	f	f		2026-02-17 14:28:26.695586+01	2026-05-18 10:11:56.212906+02	1	1042
225	2025	f	f		2026-02-17 14:28:26.698108+01	2026-05-18 10:11:56.216015+02	1	1043
226	2025	f	f		2026-02-17 14:28:26.700603+01	2026-05-18 10:11:56.219157+02	1	1044
227	2025	f	f		2026-02-17 14:28:26.703063+01	2026-05-18 10:11:56.222427+02	1	1045
229	2025	t	f		2026-02-17 14:28:30.436794+01	2026-05-18 10:11:56.229585+02	1	1047
230	2025	f	f		2026-02-17 14:28:30.439601+01	2026-05-18 10:11:56.236238+02	1	1048
231	2025	f	f		2026-02-17 14:28:30.442067+01	2026-05-18 10:11:56.240718+02	1	1049
232	2025	f	f		2026-02-17 14:28:30.444147+01	2026-05-18 10:11:56.245116+02	1	1050
235	2025	f	f		2026-02-17 14:28:35.266515+01	2026-05-18 10:11:56.25841+02	1	1053
236	2025	f	f		2026-02-17 14:28:35.269061+01	2026-05-18 10:11:56.262802+02	1	1054
237	2025	f	f		2026-02-17 14:28:35.271275+01	2026-05-18 10:11:56.268182+02	1	1055
241	2025	f	f		2026-02-17 14:28:38.970947+01	2026-05-18 10:11:56.285067+02	1	1059
55	2026	t	f		2026-02-17 07:37:09.39025+01	2026-05-18 14:13:23.253001+02	1	1025
56	2026	t	f		2026-02-17 07:37:09.392794+01	2026-05-18 14:13:23.254709+02	1	1026
57	2026	t	f		2026-02-17 07:37:09.394843+01	2026-05-18 14:13:23.257244+02	1	1027
58	2026	f	f		2026-02-17 07:37:09.396734+01	2026-05-18 14:13:23.259287+02	1	1028
59	2026	f	f		2026-02-17 07:37:09.398926+01	2026-05-18 14:13:23.261597+02	1	1029
60	2026	t	f		2026-02-17 07:37:09.401751+01	2026-05-18 14:13:23.263537+02	1	1030
61	2026	t	f		2026-02-17 07:37:16.753785+01	2026-05-18 14:13:23.265711+02	1	1031
242	2025	f	f		2026-02-17 14:28:38.97346+01	2026-05-18 10:11:56.290972+02	1	1060
243	2025	f	f		2026-02-17 14:28:47.795939+01	2026-05-18 10:11:56.296147+02	1	1061
244	2025	f	f		2026-02-17 14:28:47.798417+01	2026-05-18 10:11:56.300287+02	1	1062
245	2025	t	f		2026-02-17 14:28:47.802096+01	2026-05-18 10:11:56.303614+02	1	1063
246	2025	f	f		2026-02-17 14:28:47.805937+01	2026-05-18 10:11:56.306781+02	1	1064
247	2025	f	f		2026-02-17 14:28:47.809782+01	2026-05-18 10:11:56.310002+02	1	1065
248	2025	f	f		2026-02-17 14:28:47.812068+01	2026-05-18 10:11:56.313274+02	1	1066
249	2025	t	f		2026-02-17 14:28:47.815032+01	2026-05-18 10:11:56.316306+02	1	1067
62	2026	f	f		2026-02-17 07:37:16.756214+01	2026-05-18 14:13:23.267599+02	1	1032
63	2026	f	f		2026-02-17 07:37:16.758123+01	2026-05-18 14:13:23.269718+02	1	1033
64	2026	f	f		2026-02-17 07:37:16.760242+01	2026-05-18 14:13:23.272379+02	1	1034
65	2026	t	f		2026-02-17 07:37:16.762778+01	2026-05-18 14:13:23.274264+02	1	1035
66	2026	t	f		2026-02-17 07:37:16.764834+01	2026-05-18 14:13:23.276033+02	1	1036
67	2026	f	f		2026-02-17 07:37:16.766843+01	2026-05-18 14:13:23.277773+02	1	1037
68	2026	t	f		2026-02-17 07:37:16.769478+01	2026-05-18 14:13:23.279765+02	1	1038
69	2026	t	f		2026-02-17 07:37:16.771733+01	2026-05-18 14:13:23.281585+02	1	1039
70	2026	f	f		2026-02-17 07:37:16.775236+01	2026-05-18 14:13:23.283824+02	1	1040
114	2026	f	f		2026-02-17 07:37:57.116524+01	2026-05-18 14:13:23.386098+02	1	1084
115	2026	t	f		2026-02-17 07:37:57.118776+01	2026-05-18 14:13:23.38923+02	1	1085
1	2026	\N	t		2026-02-06 13:25:57.376093+01	2026-05-18 14:13:23.435652+02	1	1
250	2025	f	f		2026-02-17 14:28:47.822609+01	2026-05-18 10:11:56.319445+02	1	1068
4	2026	\N	t		2026-02-06 13:35:47.330452+01	2026-05-18 14:13:23.444185+02	1	5
251	2025	f	f		2026-02-17 14:28:47.827034+01	2026-05-18 10:11:56.322604+02	1	1069
252	2025	f	f		2026-02-17 14:28:47.834645+01	2026-05-18 10:11:56.325606+02	1	1070
253	2025	f	f		2026-02-17 14:28:56.198953+01	2026-05-18 10:11:56.328765+02	1	1071
254	2025	t	f		2026-02-17 14:28:56.204681+01	2026-05-18 10:11:56.331775+02	1	1072
255	2025	t	f		2026-02-17 14:28:56.209099+01	2026-05-18 10:11:56.334567+02	1	1073
256	2025	t	f		2026-02-17 14:28:56.211391+01	2026-05-18 10:11:56.341565+02	1	1074
257	2025	f	f		2026-02-17 14:28:56.216719+01	2026-05-18 10:11:56.344972+02	1	1075
258	2025	t	f		2026-02-17 14:28:56.219925+01	2026-05-18 10:11:56.348221+02	1	1076
259	2025	f	f		2026-02-17 14:28:56.224658+01	2026-05-18 10:11:56.351345+02	1	1077
260	2025	f	f		2026-02-17 14:28:56.226881+01	2026-05-18 10:11:56.354513+02	1	1078
261	2025	t	f		2026-02-17 14:28:56.231853+01	2026-05-18 10:11:56.357705+02	1	1079
262	2025	f	f		2026-02-17 14:28:56.234358+01	2026-05-18 10:11:56.360924+02	1	1080
25	2025	t	f		2026-02-12 10:45:17.604027+01	2026-05-18 10:11:56.364236+02	1	1081
26	2025	f	f		2026-02-12 10:45:20.030707+01	2026-05-18 10:11:56.367094+02	1	1082
27	2025	f	f		2026-02-12 10:51:20.021443+01	2026-05-18 10:11:56.370612+02	1	1083
263	2025	f	f		2026-02-17 14:29:03.07012+01	2026-05-18 10:11:56.37364+02	1	1084
264	2025	t	f		2026-02-17 14:29:03.072619+01	2026-05-18 10:11:56.376968+02	1	1085
265	2025	f	f		2026-02-17 14:29:03.0751+01	2026-05-18 10:11:56.380858+02	1	1086
266	2025	f	f		2026-02-17 14:29:03.077675+01	2026-05-18 10:11:56.38421+02	1	1087
267	2025	f	f		2026-02-17 14:29:03.080391+01	2026-05-18 10:11:56.387221+02	1	1088
268	2025	t	f		2026-02-17 14:29:03.082929+01	2026-05-18 10:11:56.390183+02	1	1089
269	2025	t	f		2026-02-17 14:29:03.08516+01	2026-05-18 10:11:56.393041+02	1	1090
270	2025	f	f		2026-02-17 14:29:10.871129+01	2026-05-18 10:11:56.396315+02	1	1091
271	2025	f	f		2026-02-17 14:29:10.875572+01	2026-05-18 10:11:56.39938+02	1	1092
272	2025	f	f		2026-02-17 14:29:10.879213+01	2026-05-18 10:11:56.402548+02	1	1093
273	2025	t	f		2026-02-17 14:29:10.885013+01	2026-05-18 10:11:56.405447+02	1	1094
274	2025	f	f		2026-02-17 14:29:10.888513+01	2026-05-18 10:11:56.408357+02	1	1095
275	2025	f	f		2026-02-17 14:29:10.89141+01	2026-05-18 10:11:56.411151+02	1	1096
276	2025	f	f		2026-02-17 14:29:10.893931+01	2026-05-18 10:11:56.414049+02	1	1097
277	2025	f	f		2026-02-17 14:29:10.89965+01	2026-05-18 10:11:56.417143+02	1	1098
278	2025	f	f		2026-02-17 14:29:10.902245+01	2026-05-18 10:11:56.420024+02	1	1099
279	2025	t	f		2026-02-17 14:29:10.905003+01	2026-05-18 10:11:56.422682+02	1	1100
6	2026	\N	t		2026-02-06 13:39:30.374283+01	2026-05-18 14:13:23.446118+02	1	6
149	2026	\N	t		2026-02-17 07:39:04.53681+01	2026-05-18 14:13:23.510226+02	1	58
174	2026	\N	t		2026-02-17 07:39:42.525156+01	2026-05-18 14:13:23.564683+02	1	94
176	2026	\N	t		2026-02-17 07:39:45.787988+01	2026-05-18 14:13:23.566513+02	1	95
178	2026	\N	t		2026-02-17 07:39:53.927636+01	2026-05-18 14:13:23.568321+02	1	96
179	2026	\N	t		2026-02-17 07:39:53.930044+01	2026-05-18 14:13:23.570111+02	1	97
180	2026	\N	t		2026-02-17 07:39:53.932061+01	2026-05-18 14:13:23.57237+02	1	98
181	2026	\N	t		2026-02-17 07:39:54.975354+01	2026-05-18 14:13:23.574694+02	1	100
280	2025	\N	t		2026-02-17 14:29:21.829066+01	2026-05-18 10:11:56.425738+02	1	1
281	2025	\N	t		2026-02-17 14:29:21.858506+01	2026-05-18 10:11:56.428468+02	1	2
282	2025	\N	t		2026-02-17 14:29:21.861058+01	2026-05-18 10:11:56.431508+02	1	5
283	2025	\N	t		2026-02-17 14:29:25.387696+01	2026-05-18 10:11:56.434278+02	1	7
284	2025	\N	t		2026-02-17 14:29:25.391657+01	2026-05-18 10:11:56.437107+02	1	9
285	2025	\N	t		2026-02-17 14:29:25.394072+01	2026-05-18 10:11:56.43982+02	1	10
286	2025	\N	t		2026-02-17 14:29:25.396203+01	2026-05-18 10:11:56.44293+02	1	12
287	2025	\N	t		2026-02-17 14:29:26.473577+01	2026-05-18 10:11:56.446159+02	1	14
288	2025	\N	t		2026-02-17 14:29:29.553268+01	2026-05-18 10:11:56.449593+02	1	16
289	2025	\N	t		2026-02-17 14:29:29.560706+01	2026-05-18 10:11:56.452927+02	1	19
290	2025	\N	t		2026-02-17 14:29:33.75192+01	2026-05-18 10:11:56.456074+02	1	20
291	2025	\N	t		2026-02-17 14:29:33.756559+01	2026-05-18 10:11:56.459166+02	1	21
292	2025	\N	t		2026-02-17 14:29:35.921949+01	2026-05-18 10:11:56.473567+02	1	24
293	2025	\N	t		2026-02-17 14:29:35.926248+01	2026-05-18 10:11:56.479896+02	1	25
294	2025	\N	t		2026-02-17 14:29:37.874278+01	2026-05-18 10:11:56.485019+02	1	29
295	2025	\N	t		2026-02-17 14:29:37.876589+01	2026-05-18 10:11:56.491429+02	1	32
296	2025	\N	t		2026-02-17 14:29:39.150946+01	2026-05-18 10:11:56.496775+02	1	33
297	2025	\N	t		2026-02-17 14:29:40.4859+01	2026-05-18 10:11:56.501609+02	1	35
298	2025	\N	t		2026-02-17 14:29:58.892282+01	2026-05-18 10:11:56.506419+02	1	38
299	2025	\N	t		2026-02-17 14:29:58.895598+01	2026-05-18 10:11:56.510917+02	1	39
300	2025	\N	t		2026-02-17 14:30:02.684325+01	2026-05-18 10:11:56.515847+02	1	41
301	2025	\N	t		2026-02-17 14:30:02.686982+01	2026-05-18 10:11:56.520357+02	1	42
302	2025	\N	t		2026-02-17 14:30:02.688957+01	2026-05-18 10:11:56.524758+02	1	45
303	2025	\N	t		2026-02-17 14:30:02.690875+01	2026-05-18 10:11:56.529016+02	1	48
304	2025	\N	t		2026-02-17 14:30:06.649236+01	2026-05-18 10:11:56.534046+02	1	51
305	2025	\N	t		2026-02-17 14:30:06.651669+01	2026-05-18 10:11:56.549308+02	1	54
306	2025	\N	t		2026-02-17 14:30:07.775769+01	2026-05-18 10:11:56.562943+02	1	57
307	2025	\N	t		2026-02-17 14:30:10.56019+01	2026-05-18 10:11:56.57928+02	1	59
182	2026	\N	t		2026-02-17 07:39:56.717682+01	2026-05-18 14:13:23.576799+02	1	101
14	2026	\N	t		2026-02-10 11:16:02.587559+01	2026-05-18 14:13:23.57868+02	1	102
15	2026	\N	t		2026-02-10 11:18:19.149424+01	2026-05-18 14:13:23.58084+02	1	103
16	2026	\N	t		2026-02-10 11:26:25.599091+01	2026-05-18 14:13:23.582822+02	1	104
308	2025	\N	t		2026-02-17 14:30:10.562775+01	2026-05-18 10:11:56.589582+02	1	60
309	2025	\N	t		2026-02-17 14:30:10.564986+01	2026-05-18 10:11:56.600486+02	1	62
310	2025	\N	t		2026-02-17 14:30:12.271574+01	2026-05-18 10:11:56.612397+02	1	64
311	2025	\N	t		2026-02-17 14:30:22.163046+01	2026-05-18 10:11:56.62388+02	1	66
312	2025	\N	t		2026-02-17 14:30:22.165442+01	2026-05-18 10:11:56.640687+02	1	69
313	2025	\N	t		2026-02-17 14:30:24.202702+01	2026-05-18 10:11:56.651258+02	1	76
314	2025	\N	t		2026-02-17 14:30:27.22653+01	2026-05-18 10:11:56.660967+02	1	80
315	2025	\N	t		2026-02-17 14:30:27.228962+01	2026-05-18 10:11:56.673007+02	1	83
316	2025	\N	t		2026-02-17 14:30:33.456817+01	2026-05-18 10:11:56.684513+02	1	89
317	2025	\N	t		2026-02-17 14:30:36.53884+01	2026-05-18 10:11:56.697063+02	1	91
318	2025	\N	t		2026-02-17 14:30:36.541184+01	2026-05-18 10:11:56.707219+02	1	92
319	2025	\N	t		2026-02-17 14:30:36.54326+01	2026-05-18 10:11:56.716778+02	1	94
320	2025	\N	t		2026-02-17 14:30:41.210326+01	2026-05-18 10:11:56.726371+02	1	97
321	2025	\N	t		2026-02-17 14:30:41.212658+01	2026-05-18 10:11:56.743575+02	1	100
322	2025	\N	t		2026-02-17 14:30:45.662759+01	2026-05-18 10:11:56.756506+02	1	102
323	2025	\N	t		2026-02-17 14:30:45.665621+01	2026-05-18 10:11:56.772237+02	1	103
324	2025	\N	t		2026-02-17 14:30:45.668101+01	2026-05-18 10:11:56.787827+02	1	104
325	2025	\N	t		2026-02-17 14:30:45.67054+01	2026-05-18 10:11:56.798656+02	1	105
326	2025	\N	t		2026-02-17 14:30:47.251024+01	2026-05-18 10:11:56.814346+02	1	106
328	2027	t	f		2026-02-18 13:43:11.841412+01	2026-02-26 13:18:17.747079+01	1	1009
327	2025	\N	t		2026-02-17 14:30:48.574529+01	2026-05-18 10:11:56.826404+02	1	107
\.


--
-- TOC entry 5259 (class 0 OID 17488)
-- Dependencies: 256
-- Data for Name: core_answer_documents; Type: TABLE DATA; Schema: public; Owner: postgres
--

COPY public.core_answer_documents (id, answer_id, document_id) FROM stdin;
4	2	3
5	4	3
6	3	3
8	6	3
12	5	4
13	1	3
14	9	4
\.


--
-- TOC entry 5242 (class 0 OID 16585)
-- Dependencies: 239
-- Data for Name: core_category; Type: TABLE DATA; Schema: public; Owner: postgres
--

COPY public.core_category (id, code, name) FROM stdin;
4	E	Category E
5	S	Category S
6	G	Category G
\.


--
-- TOC entry 5246 (class 0 OID 16614)
-- Dependencies: 243
-- Data for Name: core_company; Type: TABLE DATA; Schema: public; Owner: postgres
--

COPY public.core_company (id, name, user_id) FROM stdin;
1	Djurs Consult	\N
3	Test ApS	\N
\.


--
-- TOC entry 5255 (class 0 OID 16728)
-- Dependencies: 252
-- Data for Name: core_companybasismoduldata; Type: TABLE DATA; Schema: public; Owner: postgres
--

COPY public.core_companybasismoduldata (id, legal_form, nace_sector_codes, balance_sheet_total, revenue, employees, asset_locations, confidentiality_exclusions, esg_certificate_description, has_initiatives, electricity_renewable, electricity_non_renewable, fuel_renewable, fuel_non_renewable, scope1_emissions, scope2_emissions, co2e_intensity, scope3_emissions, pollution_reporting, biodiversity_sensitive_areas, land_area_usage, water_withdrawal, water_consumption, uses_circular_economy_principles, circular_economy_description, total_waste_hazardous, total_waste_non_hazardous, waste_recycled, mass_flow_materials, contract_type, gender_composition, employees_abroad, employee_turnover, work_accidents, work_related_deaths, salary_below_minimum, gender_pay_gap, collective_bargaining_coverage, avg_training_hours, corruption_bribery_cases, company_id, year) FROM stdin;
1	\N	[]	\N	\N	\N				\N	\N	\N	\N	\N	\N	\N	\N	\N			\N	\N	\N	\N		\N	\N	\N					\N	\N	\N	\N	\N	\N	\N	\N	1	2027
2	Hvad så lige?	["129434"]	1.00	1.00	1	Pølle	Polle	Palle	t	1.00	1.00	1.00	1.00	1.00	1.00	1.00	1.00	Seh	De	1.00	1.00	1.00	t	Hej	1.00	1.00	1.00	Hej	1	1	Hej	1.00	1	1	over	1.00	1.00	1.00	1	1	2026
\.


--
-- TOC entry 5257 (class 0 OID 17464)
-- Dependencies: 254
-- Data for Name: core_companyextendedmoduledata; Type: TABLE DATA; Schema: public; Owner: postgres
--

COPY public.core_companyextendedmoduledata (id, year, products_services_groups, markets, business_relations, strategy_sustainability_elements, existing_practices_policies, future_initiatives_targets, highest_management_level, scope3_co2e_relevant, scope3_co2e_emissions, co2e_reduction_target, co2e_baseline_year, co2e_reduction_actions, climate_transition_plan, climate_risks_description, exposure_vulnerability, climate_risks_time_horizon, climate_adaptation, financial_impact_climate_risks, gender_management_ratio, independent_workers, temporary_workers, code_of_conduct_hr_policy, grievance_mechanism, confirmed_hr_incidents_own_workforce, confirmed_hr_incidents_value_chain, revenue_selected_sectors, eu_benchmarks_exceedance, gender_top_management_ratio, company_id) FROM stdin;
1	2026	Dav	Dav	Dav	Dav	Dav	H	h	t	13.00	12	12	w	w	w	w	w	t	w	w	1	1	t	t	w	w	w	t	w	1
\.


--
-- TOC entry 5250 (class 0 OID 16637)
-- Dependencies: 247
-- Data for Name: core_document; Type: TABLE DATA; Schema: public; Owner: postgres
--

COPY public.core_document (id, file, uploaded_at, admin_comment, company_id, status, topic, year) FROM stdin;
4	documents/2026/02/19/Blogindlæg_-_CFD.docx	2026-02-19 12:44:18.163569+01		1	approved	1.1 CO2 udledninger	2026
5	documents/2026/02/19/Inspiration_pEkADnE.docx	2026-02-19 12:44:26.488668+01		1	pending	1.1 CO2 udledninger	2026
3	documents/2026/02/19/Kageordning_1.docx	2026-02-19 11:04:38.829391+01	Mangler kager	1	incomplete	1.1 CO2 udledninger	2026
6	documents/2026/05/18/Testerino.docx	2026-05-18 08:55:46.309396+02	\N	1	pending	1.1 CO2 udledninger	2026
\.


--
-- TOC entry 5244 (class 0 OID 16596)
-- Dependencies: 241
-- Data for Name: core_question; Type: TABLE DATA; Schema: public; Owner: postgres
--

COPY public.core_question (id, question_type, text, is_active, purpose, dva_description, typical_industries, topic, points, number, created_at, updated_at, sub_category_id) FROM stdin;
46	IA	Virksomheden har vurderet, om dens aktiviteter påvirker truede arter eller økosystemtjenester (fx bestøvning, rensning af luft/vand) og dokumenteret eventuelle indsatser.	t	finansiel			4.2 Indvirkning på biodiversitet og økosystemtjenester	10	4.2.3	2026-02-06 11:14:57.54682+01	2026-02-13 13:44:44.395489+01	14
64	IA	Virksomheden har angivet procentdelen af medarbejderne der er dækket af kollektive overenskomster.	t	impact			Vederlag og overenskomster	5	1.2.4	2026-02-06 11:14:57.58382+01	2026-02-10 13:12:23.735962+01	16
1002	DVA	Har virksomheden Scope 2 udledninger?	t	impact			\N	\N		2026-02-10 13:12:14.393104+01	2026-02-10 13:12:14.393112+01	11
1003	DVA	Har virksomheden Scope 3 udledninger?	t	impact			\N	\N		2026-02-10 13:12:14.395901+01	2026-02-10 13:12:14.395907+01	11
1004	DVA	Er virksomheden aktiv i en branche, der ifølge EU eller Klimarådet er blandt de mest CO₂e-intensive?	t	impact			\N	\N		2026-02-10 13:12:14.398627+01	2026-02-10 13:12:14.398634+01	11
1005	DVA	Tilbyder virksomheden produkter eller ydelser, hvor der findes alternativer på markedet med et større/mindre klimaaftryk?	t	impact			\N	\N		2026-02-10 13:12:14.401264+01	2026-02-10 13:12:14.401272+01	11
1006	DVA	Kan klimaforandringer eller klimarelaterede reguleringer medføre væsentligt højere driftsomkostninger for virksomheden, fx gennem energipriser, CO₂-afgifter, forsikringer eller leverancer?	t	finansiel			\N	\N		2026-02-10 13:12:14.403846+01	2026-02-10 13:12:14.403853+01	11
1007	DVA	Kan klimarelateret regulering medføre, at virksomhedens konkurrenceevne bliver væsentligt bedre, væsentligt dårligere eller at der stilles nye krav til deres produkter?	t	finansiel			\N	\N		2026-02-10 13:12:14.40636+01	2026-02-10 13:12:14.406367+01	11
1008	DVA	Har virksomheden drift, hoved- leverandører eller kunder i geografiske områder med risiko for oversvømmelse, tørke eller storme?	t	finansiel			\N	\N		2026-02-10 13:12:14.408696+01	2026-02-10 13:12:14.408702+01	11
1009	DVA	Kan virksomheden miste eller vinde kunder, investorer eller markedsandele pga. krav om lavt klimaaftryk?	t	finansiel			\N	\N		2026-02-10 13:12:14.41105+01	2026-02-10 13:12:14.411056+01	11
1010	DVA	Har virksomheden mulighed for at tjene penge på klimaforandringer (f.eks. via nye markeder, produkter eller ydelser)?	t	finansiel			\N	\N		2026-02-10 13:12:14.413478+01	2026-02-10 13:12:14.413484+01	11
1011	DVA	Udleder virksomheden forurenede stoffer til luft, jord eller vand?	t	impact			\N	\N		2026-02-10 13:12:14.416344+01	2026-02-10 13:12:14.41635+01	12
1012	DVA	Bruger eller producerer virksomheden kemikalier klassificeret som miljøfarlige?	t	impact			\N	\N		2026-02-10 13:12:14.418914+01	2026-02-10 13:12:14.41892+01	12
1013	DVA	Håndterer virksomheden processpildevand, farligt affald eller luftfiltrering?	t	impact			\N	\N		2026-02-10 13:12:14.421301+01	2026-02-10 13:12:14.421308+01	12
1014	DVA	Har virksomheden indflydelse på aktiviteter, der skaber støj-, lys- eller lugtforurening i omgivelserne?	t	impact			\N	\N		2026-02-10 13:12:14.425903+01	2026-02-10 13:12:14.425913+01	12
1015	DVA	Har virksomheden indflydelse på valg af materialer i produkter eller projekter, hvor miljøskadelige stoffer kan indgå?	t	impact			\N	\N		2026-02-10 13:12:14.429484+01	2026-02-10 13:12:14.429492+01	12
1016	DVA	Medfører virksomhedens udledning til luft, jord eller vand væsentlige omkostninger pga. myndighedskrav?	t	finansiel			\N	\N		2026-02-10 13:12:14.431942+01	2026-02-10 13:12:14.431949+01	12
1017	DVA	Bruger virksomheden miljøfarlige stoffer, der kan blive ramt af forbud, begrænsninger eller skærpede krav?	t	finansiel			\N	\N		2026-02-10 13:12:14.434241+01	2026-02-10 13:12:14.434247+01	12
1018	DVA	Møder virksomheden kundekrav eller udbudsbetingelser, hvor lav forurening skal dokumenteres for at kunne få eller beholde en ordre/opgave?	t	finansiel			\N	\N		2026-02-10 13:12:14.436518+01	2026-02-10 13:12:14.436523+01	12
1019	DVA	Tilbyder virksomheden produkter eller ydelser, der reducerer miljøforurening ift. standardløsninger?	t	finansiel			\N	\N		2026-02-10 13:12:14.439141+01	2026-02-10 13:12:14.439148+01	12
1021	DVA	Bruger virksomheden vand i driften ud over almindeligt kontorforbrug (toilet, rengøring, kaffe mv.)?	t	impact			\N	\N		2026-02-10 13:12:14.444791+01	2026-02-10 13:12:14.444798+01	13
1022	DVA	Har virksomheden drift eller forsyning i områder med vandmangel eller risiko for tørke?	t	impact			\N	\N		2026-02-10 13:12:14.447104+01	2026-02-10 13:12:14.44711+01	13
1023	DVA	Udleder virksomheden stoffer eller affald til havet, eller har aktiviteter til søs eller i kystnære områder?	t	impact			\N	\N		2026-02-10 13:12:14.449356+01	2026-02-10 13:12:14.449362+01	13
1024	DVA	Er virksomheden aktiv i fiskeri, havbrug eller udnyttelse af marine ressourcer (fisk, skaldyr, tang mv.)?	t	impact			\N	\N		2026-02-10 13:12:14.451626+01	2026-02-10 13:12:14.451633+01	13
1025	DVA	Kan virksomhedens aktiviteter forurene vandmiljøet, f.eks. via kemikalier, affald, gødning eller pesticider?	t	impact			\N	\N		2026-02-10 13:12:14.453917+01	2026-02-10 13:12:14.453923+01	13
1026	DVA	Er virksomhedens drift afhængig af adgang til vand i tilstrækkelig mængde og kvalitet?	t	finansiel			\N	\N		2026-02-10 13:12:14.456157+01	2026-02-10 13:12:14.456163+01	13
28	IA	Virksomheden har dokumenteret spildevandshåndtering, inkl. Rensning.	t	finansiel			2.3 Vandforurening	5	2.3.1	2026-02-06 11:14:57.501807+01	2026-02-13 13:44:44.354012+01	12
35	IA	Over 90% af virksomhedens anvendte stoffer er klassificeret som ufarlige eller lavrisiko.	t	impact			2.6 Problematiske og særligt problematiske stoffer	5	2.6.2	2026-02-06 11:14:57.520434+01	2026-02-13 13:44:14.52851+01	12
40	IA	Virksomheden har en handlingsplan/strategi for, hvordan de vil opnå deres vandreduktionsmål.	t	finansiel			3.1 Vandforbrug og vandudtag	30	3.1.4	2026-02-06 11:14:57.533646+01	2026-02-13 13:44:14.533943+01	13
51	IA	Virksomheden har konkrete mål for at forbedre ressourceeffektivitet og cirkulær økonomi.	t	impact			5.1 Cirkulær økonomi	10	5.1.2	2026-02-06 11:14:57.558379+01	2026-02-13 13:44:14.546583+01	15
59	IA	Virksomheden har en politik for sundhed og sikkerhed, der sigter mod at forebygge arbejdsulykker.	t	finansiel			1.1 Arbejdsulykker	10	1.1.2	2026-02-06 11:14:57.573458+01	2026-02-13 13:44:44.426059+01	16
72	IA	Der er dokumenteret kønsfordeling blandt medarbejderne.	t	impact			1.5 Demografiske data	2	1.5.2	2026-02-06 11:14:57.601789+01	2026-02-13 13:44:14.563252+01	16
75	IA	Virksomheden har en politik for arbejdsmiljø, der inkluderer tiltag for at sikre et sundt og sikkert arbejdsmiljø.	t	impact			1.6 Sundhed og arbejdsmiljø	5	1.6.1	2026-02-06 11:14:57.610914+01	2026-02-13 13:44:14.568036+01	16
20	IA	Virksomheden har taget stilling til, hvor den har risiko for at bidrage til miljøforurening.	t	finansiel			2.1 Kortlægning og strategi for forurening	15	2.1.1	2026-02-06 11:14:57.481097+01	2026-02-13 13:44:44.338495+01	12
1020	DVA	Kan virksomheden opnå tilskud, skattelettelser, mærkning eller grønne indkøbsaftaler som kræver dokumenterbar lav miljøforurening?	t	finansiel			\N	\N		2026-02-10 13:12:14.442281+01	2026-02-10 13:23:54.197147+01	12
31	IA	Virksomheden opbevarer alle potentielt forurenende stoffer på forsvarlig vis.	t	impact			2.4 Jordbundsforurening	5	2.4.1	2026-02-06 11:14:57.512132+01	2026-02-13 13:44:14.523718+01	12
1001	DVA	Har virksomheden Scope 1 udledninger?	t	impact			\N	\N		2026-02-10 13:12:14.376049+01	2026-02-16 10:16:12.855619+01	11
1031	DVA	Påvirker eller ændrer virksomheden arealer direkte gennem byggeri, produktion, landbrug mv. - eller indirekte gennem indflydelse på andres arealanvendelse?	t	impact			\N	\N		2026-02-10 13:12:14.470498+01	2026-02-10 13:12:14.470506+01	14
1032	DVA	Bruger, sælger eller specificerer virksomheden naturressourcer som træ, fisk, sand, jord, grus eller landbrugsprodukter - direkte eller gennem værdikæden?	t	impact			\N	\N		2026-02-10 13:12:14.47308+01	2026-02-10 13:12:14.473087+01	14
1033	DVA	Er virksomheden involveret i aktiviteter med udledning eller påvirkning, som kan forringe naturen - f.eks. støj, lys, luftforurening eller udslip til jord og vand?	t	impact			\N	\N		2026-02-10 13:12:14.475401+01	2026-02-10 13:12:14.475407+01	14
1034	DVA	Håndterer, forarbejder eller sælger virksomheden produkter, der stammer fra levende organismer - f.eks. træ, planter, fødevarer eller dyr?	t	impact			\N	\N		2026-02-10 13:12:14.477687+01	2026-02-10 13:12:14.477693+01	14
1035	DVA	Er der risiko for, at de aktiviteter som virksomheden er involveret i (f.eks. import, transport, jordarbejde) kan sprede invasive arter eller sygdomme i naturen?	t	impact			\N	\N		2026-02-10 13:12:14.481058+01	2026-02-10 13:12:14.481067+01	14
1036	DVA	Er virksomheden direkte afhængig af specifikke naturressourcer, som kan blive udtømt eller forringet, og hvor der ikke findes let tilgængelige alternativer?	t	finansiel			\N	\N		2026-02-10 13:12:14.483866+01	2026-02-10 13:12:14.483873+01	14
1037	DVA	Kan virksomhedens aktiviteter blive forsinket eller begrænset af regler om naturbeskyttelse eller habitatlovgivning?	t	finansiel			\N	\N		2026-02-10 13:12:14.486679+01	2026-02-10 13:12:14.486686+01	14
1038	DVA	Har virksomheden risiko for at blive forbundet med negativ påvirkning af biodiversitet eller natur?	t	finansiel			\N	\N		2026-02-10 13:12:14.489394+01	2026-02-10 13:12:14.4894+01	14
1040	DVA	Arbejder virksomheden i et marked, hvor der er mulighed for at udvikle nye produkter eller tjenester baseret på naturbaserede løsninger eller fremme biodiversitet?	t	finansiel			\N	\N		2026-02-10 13:12:14.495629+01	2026-02-10 13:12:14.495638+01	14
1041	DVA	Producerer eller forarbejder virksomheden fysiske produkter eller materialer?	t	impact			\N	\N		2026-02-10 13:12:14.498442+01	2026-02-10 13:12:14.49845+01	15
1042	DVA	Producerer virksomheden affald ud over almindeligt kontoraffald fra ansatte?	t	impact			\N	\N		2026-02-10 13:12:14.501178+01	2026-02-10 13:12:14.501185+01	15
1043	DVA	Har virksomheden direkte eller indirekte indflydelse på materialevalg i produkter og projekter?	t	impact			\N	\N		2026-02-10 13:12:14.504017+01	2026-02-10 13:12:14.504024+01	15
1044	DVA	Arbejder virksomheden i en branche med højt potentiale for genbrug, genanvendelse eller upcycling?	t	impact			\N	\N		2026-02-10 13:12:14.50693+01	2026-02-10 13:12:14.506936+01	15
1045	DVA	Producerer, pakker eller handler virksomheden med produkter med emballage?	t	impact			\N	\N		2026-02-10 13:12:14.511034+01	2026-02-10 13:12:14.511043+01	15
11	IA	Mindst 20% af virksomhedens energiforbrug stammer fra vedvarende energikilder.	t	impact			Vedvarende energi	2	1.3.1	2026-02-06 11:14:57.454889+01	2026-02-10 13:12:23.600991+01	11
1066	DVA	Er virksomheden en del af en værdikæde, hvor leverandørers dårlige arbejdsvilkår kan føre til fejl, lav produktivitet, forsinkelser eller leveranceproblemer?	t	finansiel			\N	\N		2026-02-10 13:12:14.570278+01	2026-02-10 13:23:54.250527+01	17
5	IA	Virksomheden har en strategi for, hvordan de vil opnå deres CO2e-reduktionsmål.	t	impact			1.1 CO2 udledninger	10	1.1.5	2026-02-06 11:14:57.441549+01	2026-02-13 13:44:14.480391+01	11
10	IA	Virksomheden overvåger systematisk og følger op på sit energiforbrug.	t	finansiel			1.2 Energiledelse og energiforbrug	5	1.2.5	2026-02-06 11:14:57.45154+01	2026-02-13 13:44:14.492688+01	11
2	IA	Virksomheden har udregnet og dokumenteret sine CO2e-udledninger for Scope 1, 2 og 3.	t	impact			1.1 CO2 udledninger	5	1.1.2	2026-02-06 11:14:57.434271+01	2026-02-13 13:44:44.305558+01	11
3	IA	Virksomheden har en politik for reduktion af sine CO2e-udledninger.	t	impact			1.1 CO2 udledninger	5	1.1.3	2026-02-06 11:14:57.436467+01	2026-02-13 13:44:44.307318+01	11
4	IA	Virksomheden har konkrete mål for reduktion af sine CO2e-udledninger.	t	impact			1.1 CO2 udledninger	5	1.1.4	2026-02-06 11:14:57.438693+01	2026-02-13 13:44:44.309012+01	11
6	IA	Virksomheden har udpeget ansvarlige for energiledelse og fastlagt, hvordan ansvaret er organiseret på den pågældende lokation.	t	finansiel			1.2 Energiledelse og energiforbrug	10	1.2.1	2026-02-06 11:14:57.443868+01	2026-02-13 13:44:44.31281+01	11
7	IA	Virksomheden har en politik for at håndtere energiforbrug og energimiks.	t	finansiel			1.2 Energiledelse og energiforbrug	5	1.2.2	2026-02-06 11:14:57.445911+01	2026-02-13 13:44:44.314653+01	11
8	IA	Virksomheden har konkrete målsætninger for at øge andelen af vedvarende energi og reducere energiforbruget.	t	finansiel			1.2 Energiledelse og energiforbrug	5	1.2.3	2026-02-06 11:14:57.447769+01	2026-02-13 13:44:44.316399+01	11
9	IA	Virksomheden har en handlingsplan/strategi for, hvordan de vil opnå deres energimål.	t	finansiel			1.2 Energiledelse og energiforbrug	10	1.2.4	2026-02-06 11:14:57.44964+01	2026-02-13 13:44:44.318292+01	11
22	IA	Virksomheden har konkrete mål for reduktion af deres forurening.	t	impact			2.1 Kortlægning og strategi for forurening	5	2.1.3	2026-02-06 11:14:57.486137+01	2026-02-13 13:44:44.342216+01	12
24	IA	Virksomheden registrerer og rapporterer sine NOX-, SO2- og partikeludledninger.	t	impact			2.2 Luftforurening	2	2.2.1	2026-02-06 11:14:57.491691+01	2026-02-13 13:44:44.345404+01	12
25	IA	Virksomheden har målsætninger for reduktion af disse emissioner inden for 3 år.	t	impact			2.2 Luftforurening	2	2.2.2	2026-02-06 11:14:57.494694+01	2026-02-13 13:44:44.347334+01	12
32	IA	Virksomheden har en plan for spildhåndtering og nødberedskab ved udslip.	t	impact			2.4 Jordbundsforurening	5	2.4.2	2026-02-06 11:14:57.513997+01	2026-02-13 13:44:14.525098+01	12
33	IA	Virksomheden har målsætninger for udfasning af skadelige stoffer eller praksisser med negativ indvirkning på biodiversitet.	t	impact			2.5 Forurening af levende organismer og fødevareressourcer	10	2.5.1	2026-02-06 11:14:57.516089+01	2026-02-13 13:44:14.526197+01	12
26	IA	Halvdelen af virksomhedens transport er emissionsfri.	t	finansiel			2.2 Luftforurening	2	2.2.3	2026-02-06 11:14:57.497615+01	2026-02-13 13:44:44.349827+01	12
29	IA	Halvdelen af virksomhedens spildevand renses før det ledes til kloak/natur.	t	finansiel			2.3 Vandforurening	2	2.3.2	2026-02-06 11:14:57.505871+01	2026-02-13 13:44:44.356521+01	12
34	IA	Virksomheden har en liste over anvendte kemikalier og har identificeret stoffer, der er omfattet af REACH og SVCH.	t	impact			2.6 Problematiske og særligt problematiske stoffer	5	2.6.1	2026-02-06 11:14:57.518338+01	2026-02-13 13:44:14.527282+01	12
30	IA	Hele virksomhedens spildevand renses før det ledes til kloak/natur.	t	finansiel			2.3 Vandforurening	2	2.3.3	2026-02-06 11:14:57.509022+01	2026-02-13 13:44:44.359651+01	12
37	IA	Virksomheden har dokumenteret sit vandforbrug og vandudtag.	t	finansiel			3.1 Vandforbrug og vandudtag	15	3.1.1	2026-02-06 11:14:57.525134+01	2026-02-13 13:44:44.376868+01	13
38	IA	Virksomheden har en politik for vandforbrug.	t	finansiel			3.1 Vandforbrug og vandudtag	40	3.1.2	2026-02-06 11:14:57.527754+01	2026-02-13 13:44:44.380205+01	13
36	IA	Virksomheden har teknologier eller metoder til at minimere mikroplast.	t	finansiel			2.7 Mikroplast	10	2.7.1	2026-02-06 11:14:57.522461+01	2026-02-13 13:44:14.52978+01	12
39	IA	Virksomheden har konkrete mål for reduktion af vandudtag og vandforbrug.	t	finansiel			3.1 Vandforbrug og vandudtag	15	3.1.3	2026-02-06 11:14:57.53+01	2026-02-13 13:44:44.382651+01	13
41	IA	Virksomheden har dokumenteret det samlede arealforbrug, herunder andele af befæstet areal og naturbaserede arealer, både på og uden for virksomhedens matrikel.	t	impact			4.1 Arealforbrug	5	4.1.1	2026-02-06 11:14:57.537213+01	2026-02-13 13:44:44.385956+01	14
47	IA	Virksomheden har en politik for biodiversitet, som tager hensyn til biodiversiteten og økosystemerne som virksomheden påvirker.	t	finansiel			4.3 Strategi og dokumentation	20	4.3.1	2026-02-06 11:14:57.54867+01	2026-02-13 13:44:14.540381+01	14
48	IA	Virksomheden har konkrete målsætninger for biodiversitet.	t	finansiel			4.3 Strategi og dokumentation	10	4.3.2	2026-02-06 11:14:57.550679+01	2026-02-13 13:44:14.541948+01	14
49	IA	Virksomheden har en handlingsplan/strategi for at opnå disse mål.	t	finansiel			4.3 Strategi og dokumentation	20	4.3.3	2026-02-06 11:14:57.552757+01	2026-02-13 13:44:14.543567+01	14
50	IA	Virksomheden har en politik for ressourceanvendelse og cirkulær økonomi.	t	finansiel			5.1 Cirkulær økonomi	20	5.1.1	2026-02-06 11:14:57.554939+01	2026-02-13 13:44:14.545051+01	15
42	IA	Virksomheden har identificeret, om den opererer i eller tæt på biodiversitetsfølsomme områder, og i så fald angivet hvilke og hvor stort et areal der er påvirket.	t	impact			4.1 Arealforbrug	5	4.1.2	2026-02-06 11:14:57.539318+01	2026-02-13 13:44:44.38785+01	14
43	IA	Virksomheden arbejder aktivt for at minimere negativ arealpåvirkning, fx ved grønne tage, regn bede, ubefæstede områder eller naturgenopretning.	t	impact			4.1 Arealforbrug	10	4.1.3	2026-02-06 11:14:57.541202+01	2026-02-13 13:44:44.389779+01	14
44	IA	Virksomheden har vurderet sin påvirkning på biodiversitet gennem f.eks. lys, støj, forurening, invasive arter eller kemikalier.	t	impact			4.2 Indvirkning på biodiversitet og økosystemtjenester	10	4.2.1	2026-02-06 11:14:57.543101+01	2026-02-13 13:44:44.391675+01	14
45	IA	Virksomheden bidrager til at beskytte eller forbedre lokal biodiversitet gennem konkrete tiltag som fx beplantning af hjemmehørende arter, levesteder for insekter og fugle, eller partnerskaber med naturorganisationer.	t	impact			4.2 Indvirkning på biodiversitet og økosystemtjenester	10	4.2.2	2026-02-06 11:14:57.544973+01	2026-02-13 13:44:44.393579+01	14
1092	DVA	Opererer virksomheden i en branche, hvor der kræves særlig godkendelse udover GDPR for at håndtere personfølsomme oplysninger eller menneskers sikkerhed/økonomi?	t	impact			\N	\N		2026-02-10 13:12:14.641038+01	2026-02-10 13:23:54.296027+01	20
15	IA	Virksomheden har dokumenteret energimærkningen af størstedelen af sine bygninger.	t	impact			1.4 Energimærke	5	1.4.1	2026-02-06 11:14:57.470588+01	2026-02-13 13:44:44.328199+01	11
16	IA	Størstedelen af virksomhedens bygninger har energimærke B eller bedre.	t	finansiel			1.4 Energimærke	2	1.4.2	2026-02-06 11:14:57.473073+01	2026-02-13 13:44:44.330267+01	11
17	IA	Størstedelen af virksomhedens bygninger har energimærke A2010 eller bedre.	t	finansiel			1.4 Energimærke	2	1.4.3	2026-02-06 11:14:57.475288+01	2026-02-13 13:44:44.333711+01	11
21	IA	Virksomheden har en politik for forurening.	t	impact			2.1 Kortlægning og strategi for forurening	10	2.1.2	2026-02-06 11:14:57.483844+01	2026-02-13 13:44:44.340279+01	12
18	IA	Størstedelen af virksomhedens bygninger har energimærke A2015 eller bedre.	t	finansiel			1.4 Energimærke	2	1.4.4	2026-02-06 11:14:57.47726+01	2026-02-13 13:44:14.512585+01	11
19	IA	Størstedelen af virksomhedens bygninger har energimærke A2020.	t	finansiel			1.4 Energimærke	4	1.4.5	2026-02-06 11:14:57.479164+01	2026-02-13 13:44:14.514035+01	11
23	IA	Virksomheden har en handlingsplan/strategi for, hvordan de vil opnå deres mål om mindre forurening.	t	impact			2.1 Kortlægning og strategi for forurening	10	2.1.4	2026-02-06 11:14:57.488851+01	2026-02-13 13:44:14.517839+01	12
27	IA	Over 90% af virksomhedens transport er emissionsfri.	t	finansiel			2.2 Luftforurening	2	2.2.4	2026-02-06 11:14:57.499826+01	2026-02-13 13:44:14.520856+01	12
53	IA	Virksomheden har dokumenteret sin samlede årlige affaldsmængde.	t	impact			5.2 Affaldshåndtering	15	5.2.1	2026-02-06 11:14:57.562167+01	2026-02-13 13:44:14.550316+01	15
62	IA	Virksomheden har dokumenteret lønforskellen mellem mandlige og kvindelige ansatte, hvis relevant.	t	impact			1.2 Vederlag og overenskomster	5	1.2.2	2026-02-06 11:14:57.579983+01	2026-02-13 13:44:44.432887+01	16
54	IA	Hvis virksomheden arbejder i en materialetung sektor, har den dokumenteret mængden af forskellige materialetyper i ton/m³.	t	impact			5.2 Affaldshåndtering	10	5.2.2	2026-02-06 11:14:57.564062+01	2026-02-13 13:44:14.552558+01	15
55	IA	Virksomheden har en politik for affaldshåndtering.	t	impact			5.2 Affaldshåndtering	10	5.2.3	2026-02-06 11:14:57.566013+01	2026-02-13 13:44:14.554772+01	15
56	IA	Virksomheden har konkrete mål for at reducere affaldsmængden og øge genbrug/genanvendelse.	t	finansiel			5.2 Affaldshåndtering	5	5.2.4	2026-02-06 11:14:57.567893+01	2026-02-13 13:44:14.556171+01	15
57	IA	Virksomheden har en handlingsplan/strategi for at opnå disse mål.	t	finansiel			5.2 Affaldshåndtering	10	5.2.5	2026-02-06 11:14:57.56974+01	2026-02-13 13:44:14.55835+01	15
71	IA	Virksomheden har dokumenteret antal ansatte og opdelingen mellem midlertidige og fastansatte.	t	impact			1.5 Demografiske data	2	1.5.1	2026-02-06 11:14:57.599142+01	2026-02-13 13:44:14.560777+01	16
60	IA	Virksomheden har registreret arbejdsrelaterede dødsfald og arbejder på at reducere sådanne hændelser.	t	finansiel			1.1 Arbejdsulykker	5	1.1.3	2026-02-06 11:14:57.575301+01	2026-02-13 13:44:44.428258+01	16
61	IA	Virksomheden sikrer, at alle ansatte modtager en løn, der lever op til lovgivning eller overenskomster.	t	impact			1.2 Vederlag og overenskomster	5	1.2.1	2026-02-06 11:14:57.577936+01	2026-02-13 13:44:44.430624+01	16
63	IA	Virksomheden har en strategi for lønstruktur og ansættelsesvilkår.	t	impact			1.2 Vederlag og overenskomster	5	1.2.3	2026-02-06 11:14:57.58197+01	2026-02-13 13:44:44.434823+01	16
65	IA	Virksomheden tilbyder uddannelse til sine ansatte og har dokumenteret uddannelsestimer pr. ansat.	t	impact			1.3 Uddannelse	5	1.3.1	2026-02-06 11:14:57.586517+01	2026-02-13 13:44:44.437849+01	16
66	IA	Uddannelsestimerne er opdelt efter køn og relevante medarbejdergrupper.	t	finansiel			1.3 Uddannelse	5	1.3.2	2026-02-06 11:14:57.58907+01	2026-02-13 13:44:44.440339+01	16
67	IA	Virksomheden har en strategi for medarbejderudvikling og kompetenceopbygning.	t	finansiel			1.3 Uddannelse	5	1.3.3	2026-02-06 11:14:57.591136+01	2026-02-13 13:44:44.442929+01	16
68	IA	Virksomheden har en Code of Conduct eller en menneskerettighedspolitik, der dækker nøgleområder som børnearbejde, tvangsarbejde og diskrimination.	t	finansiel			1.4 Menneskerettigheder og etiske retningslinjer	5	1.4.1	2026-02-06 11:14:57.593017+01	2026-02-13 13:44:44.447796+01	16
69	IA	Virksomheden har en strategi for at håndtere medarbejderklager og sikre et etisk arbejdsmiljø.	t	finansiel			1.4 Menneskerettigheder og etiske retningslinjer	5	1.4.2	2026-02-06 11:14:57.594896+01	2026-02-13 13:44:44.450361+01	16
70	IA	Virksomheden har tidligere håndteret hændelser relateret til menneskerettigheder og har dokumenteret de skridt, der blev taget.	t	finansiel			1.4 Menneskerettigheder og etiske retningslinjer	5	1.4.3	2026-02-06 11:14:57.596751+01	2026-02-13 13:44:44.453795+01	16
79	IA	Virksomheden har identificeret og kortlagt sine væsentligste leverandører og samarbejdspartnere.	t	finansiel			2.1 Kortlægning og risikovurdering	15	2.1.1	2026-02-06 11:14:57.621205+01	2026-02-13 13:44:44.469059+01	17
73	IA	Virksomheden har registreret ansatte i henhold til ansættelseskontrakter fordelt på lande.	t	impact			1.5 Demografiske data	2	1.5.3	2026-02-06 11:14:57.604653+01	2026-02-13 13:44:14.565281+01	16
74	IA	Hvis relevant, er medarbejderomsætningen dokumenteret og angivet i procent.	t	impact			1.5 Demografiske data	2	1.5.4	2026-02-06 11:14:57.608764+01	2026-02-13 13:44:14.566616+01	16
76	IA	Virksomheden gennemfører regelmæssigt arbejdspladsvurdering (APV) for at identificere risici og forbedre arbejdsmiljøet.	t	finansiel			1.6 Sundhed og arbejdsmiljø	5	1.6.2	2026-02-06 11:14:57.613648+01	2026-02-13 13:44:14.569269+01	16
77	IA	Virksomheden har konkrete målsætninger for at forbedre arbejdsmiljøet og arbejdstageres sundhed.	t	finansiel			1.6 Sundhed og arbejdsmiljø	5	1.6.3	2026-02-06 11:14:57.615639+01	2026-02-13 13:44:14.572235+01	16
78	IA	Virksomheden har en handlingsplan/strategi for at opnå forbedringer i arbejdsmiljøet og sundhed.	t	finansiel			1.6 Sundhed og arbejdsmiljø	5	1.6.4	2026-02-06 11:14:57.618837+01	2026-02-13 13:44:14.574592+01	16
58	IA	Virksomheden har dokumenteret antallet af arbejdsulykker og deres frekvens.	t	finansiel			1.1 Arbejdsulykker	5	1.1.1	2026-02-06 11:14:57.571606+01	2026-02-13 13:44:44.42376+01	16
80	IA	Virksomheden har foretaget en risikovurdering af arbejdsforholdene hos disse aktører, herunder brug af børnearbejde, tvangsarbejde, uformel arbejdskraft og manglende sikkerhed.	t	finansiel			2.1 Kortlægning og risikovurdering	15	2.1.2	2026-02-06 11:14:57.623065+01	2026-02-13 13:44:44.47146+01	17
81	IA	Virksomheden har særlig opmærksomhed på risikolande eller brancher med historisk dårlige arbejdsvilkår.	t	impact			2.1 Kortlægning og risikovurdering	10	2.1.3	2026-02-06 11:14:57.625373+01	2026-02-13 13:44:44.473642+01	17
82	IA	Virksomheden har en politik for arbejdsforhold i værdikæden, som stiller krav om fx foreningsfrihed, overenskomster og rimelig løn.	t	impact			2.2 Politik og forpligtelser	15	2.2.1	2026-02-06 11:14:57.627198+01	2026-02-13 13:44:44.475623+01	17
83	IA	Virksomheden kræver, at leverandører skriver under på en adfærdskodeks (Code of Conduct), der dækker menneskerettigheder og arbejdsforhold.	t	impact			2.2 Politik og forpligtelser	5	2.2.2	2026-02-06 11:14:57.628954+01	2026-02-13 13:44:44.477457+01	17
84	IA	Virksomheden samarbejder aktivt med leverandører om at forbedre arbejdsforholdene (fx ved at tilbyde støtte, træning eller krav til forbedringer).	t	impact			2.2 Politik og forpligtelser	10	2.2.3	2026-02-06 11:14:57.630703+01	2026-02-13 13:44:44.479613+01	17
85	IA	Virksomheden prioriterer samarbejde med leverandører og underleverandører, der er certificerede (fx ISO 45001, SA8000, B Corp, Fairtrade e.l.).	t	impact			2.3 Ansvarlige samarbejdspartnere	10	2.3.1	2026-02-06 11:14:57.63345+01	2026-02-13 13:44:44.482947+01	17
1027	DVA	Kan vandkvalitet eller forurening påvirke virksomhedens produkter, råvarer eller processer?	t	finansiel			\N	\N		2026-02-10 13:12:14.458526+01	2026-02-10 13:23:54.202021+01	13
1028	DVA	Kan krav til vandforbrug eller spildevandshåndtering påvirke virksomhedens driftsomkostninger på en væsentlig måde?	t	finansiel			\N	\N		2026-02-10 13:12:14.461676+01	2026-02-10 13:23:54.21085+01	13
1029	DVA	Er virksomheden eller dens infrastruktur i risiko for havrelaterede klimaeffekter (oversvømmelse, stormflod, havspejl)?	t	finansiel			\N	\N		2026-02-10 13:12:14.464116+01	2026-02-10 13:23:54.212653+01	13
52	IA	Virksomheden har en handlingsplan/strategi for at opnå disse mål.	t	impact			5.1 Cirkulær økonomi	20	5.1.3	2026-02-06 11:14:57.560311+01	2026-02-13 13:44:14.548179+01	15
12	IA	Mindst 50% af virksomhedens energiforbrug stammer fra vedvarende energikilder.	t	impact			Vedvarende energi	2	1.3.2	2026-02-06 11:14:57.458494+01	2026-02-10 13:12:23.603429+01	11
13	IA	Hele virksomhedens energiforbrug stammer fra vedvarende energikilder.	t	impact			Vedvarende energi	5	1.3.3	2026-02-06 11:14:57.464054+01	2026-02-10 13:12:23.605667+01	11
87	IA	Virksomheden vurderer løbende sine væsentlige samarbejdspartneres praksis inden for arbejdsvilkår og sociale forhold.	t	finansiel			2.3 Ansvarlige samarbejdspartnere	5	2.3.3	2026-02-06 11:14:57.637499+01	2026-02-13 13:44:44.489291+01	17
107	IA	Virksomheden har en politik for at forebygge korruption og bestikkelse, som er integreret i virksomhedens etiske retningslinjer.	t	\N			1.2 Korruption og bestikkelse	10	1.2.2	2026-02-06 11:14:57.829156+01	2026-02-13 13:44:44.527619+01	20
108	IA	Virksomheden har gennemført interne revisioner og træning for at forhindre korruption og bestikkelse.	t	\N			1.2 Korruption og bestikkelse	5	1.2.3	2026-02-06 11:14:57.833913+01	2026-02-13 13:44:44.533588+01	20
103	IA	Virksomheden har integrerede politikker med målsætninger og handlingsplaner for at sikre ansvarlig adfærd og bæredygtighed.	t	\N			1.1 Politikker	20	1.1.2	2026-02-06 11:14:57.820443+01	2026-02-13 13:44:44.516984+01	20
104	IA	Virksomheden har politikker, der dækker alle relevante ESG-emner, med specifikke målsætninger og handlingsplaner for hvert område.	t	\N			1.1 Politikker	20	1.1.3	2026-02-06 11:14:57.822216+01	2026-02-13 13:44:44.518814+01	20
105	IA	Virksomheden har en opfølgningsmekanisme for at sikre, at politikkerne bliver overholdt og opdateret regelmæssigt.	t	\N			1.1 Politikker	15	1.1.4	2026-02-06 11:14:57.823959+01	2026-02-13 13:44:44.520677+01	20
1030	DVA	Kan adgang til hav- eller vandressourcer blive begrænset af udtømning eller regulering og påvirke virksomhedens forsyning?	t	finansiel			\N	\N		2026-02-10 13:12:14.467263+01	2026-02-10 13:23:54.214499+01	13
90	IA	Virksomheden vurderer de økonomiske, sociale og kulturelle virkninger af sine aktiviteter på de lokalsamfund, den opererer i.	t	finansiel			3.1 Samfundsbaserede rettigheder og påvirkning	20	3.1.1	2026-02-06 11:14:57.643893+01	2026-02-13 13:44:44.493232+01	18
89	IA	Over 90 % af virksomhedens leverandører har implementeret ESG-politikker, certificeringer eller tilsvarende dokumenterede initiativer.	t	finansiel			2.3 Ansvarlige samarbejdspartnere	5	2.3.5	2026-02-06 11:14:57.641244+01	2026-02-13 13:44:14.577146+01	17
93	IA	Virksomheden sponsorerer lokale aktiviteter og initiativer, der fremmer samfundets udvikling, såsom sport, kultur og velgørenhed.	t	impact			3.2 Samfudnsengagement og sponsorater	20	3.2.1	2026-02-06 11:14:57.654819+01	2026-02-13 13:44:14.578479+01	18
91	IA	Virksomheden sikrer ordentlige boligforhold, adgang til passende fødevarer, vand og sanitet for de samfund, der påvirkes af virksomhedens aktiviteter.	t	impact			3.1 Samfundsbaserede rettigheder og påvirkning	10	3.1.2	2026-02-06 11:14:57.64953+01	2026-02-13 13:44:44.495872+01	18
106	IA	Virksomheden har dokumenteret antal domme og den samlede bødesum i sager relateret til korruption og bestikkelse.	t	\N			1.2 Korruption og bestikkelse	5	1.2.1	2026-02-06 11:14:57.826233+01	2026-02-13 13:44:44.524223+01	20
92	IA	Virksomheden respekterer og beskytter borgerlige og politiske rettigheder, herunder ytrings- og forsamlingsfrihed.	t	impact			3.1 Samfundsbaserede rettigheder og påvirkning	10	3.1.3	2026-02-06 11:14:57.652091+01	2026-02-13 13:44:44.498308+01	18
96	IA	Virksomheden sikrer, at forbrugere og slutbrugere har adgang til klare og fyldestgørende oplysninger om produkter og tjenester – herunder sundhed, sikkerhed og miljøpåvirkninger.	t	finansiel			4.1 Beskyttelse af forbrugerens rettigheder og sikkerhed	20	4.1.1	2026-02-06 11:14:57.660308+01	2026-02-13 13:44:44.504761+01	19
94	IA	Virksomheden har en politik for at understøtte samfundets økonomiske og sociale udvikling gennem samarbejde med lokale aktører.	t	impact			3.2 Samfudnsengagement og sponsorater	20	3.2.2	2026-02-06 11:14:57.656705+01	2026-02-13 13:44:14.579647+01	18
95	IA	Virksomheden engagerer sig aktivt i at fremme kulturel og social udvikling i de samfund, den er en del af, gennem langsigtede partnerskaber.	t	impact			3.2 Samfudnsengagement og sponsorater	20	3.2.3	2026-02-06 11:14:57.658569+01	2026-02-13 13:44:14.580748+01	18
1	IA	Virksomheden har udregnet og dokumenteret sine CO2e-udledninger for Scope 1 og 2.	t	impact			1.1 CO2 udledninger	10	1.1.1	2026-02-06 11:14:57.431468+01	2026-02-13 13:44:44.302992+01	11
97	IA	Virksomheden beskytter privatlivets fred og behandler personoplysninger ansvarligt og i overensstemmelse med gældende lovgivning.	t	finansiel			4.1 Beskyttelse af forbrugerens rettigheder og sikkerhed	10	4.1.2	2026-02-06 11:14:57.662345+01	2026-02-13 13:44:44.506579+01	19
98	IA	Virksomheden tager aktive skridt til at beskytte brugeres personlige sikkerhed, herunder særlig beskyttelse af børn mod skadelige produkter og markedsføring.	t	finansiel			4.1 Beskyttelse af forbrugerens rettigheder og sikkerhed	20	4.1.3	2026-02-06 11:14:57.664501+01	2026-02-13 13:44:44.508322+01	19
99	IA	Virksomheden anvender en ansvarlig markedsføringspraksis, der undgår vildledning og respekterer forbrugernes ret til oplyst valg.	t	finansiel			4.2 Ansvarlig markedsføring og social inklusion	20	4.2.1	2026-02-06 11:14:57.666602+01	2026-02-13 13:44:44.510018+01	19
100	IA	Virksomheden fremmer inklusion ved at sikre, at produkter og tjenester er tilgængelige for alle og ikke diskriminerer på baggrund af fx køn, alder, handicap eller etnicitet.	t	finansiel			4.2 Ansvarlig markedsføring og social inklusion	15	4.2.2	2026-02-06 11:14:57.668559+01	2026-02-13 13:44:44.511748+01	19
101	IA	Virksomheden arbejder aktivt for at tilpasse produkter og tjenester, så de imødekommer forskellige forbrugeres behov og understøtter lige adgang.	t	\N			4.2 Ansvarlig markedsføring og social inklusion	15	4.2.3	2026-02-06 11:14:57.815654+01	2026-02-13 13:44:44.513421+01	19
102	IA	Virksomheden har implementeret politikker, der støtter virksomhedens værdier og overholder relevante lovgivningskrav.	t	\N			1.1 Politikker	15	1.1.1	2026-02-06 11:14:57.818648+01	2026-02-13 13:44:44.515237+01	20
1039	DVA	Kan krav om naturgenopretning, kompensation eller biodiversitetsregnskaber påføre virksomheden ekstra omkostninger?	t	finansiel			\N	\N		2026-02-10 13:12:14.492039+01	2026-02-10 13:23:54.223225+01	14
1046	DVA	Kan krav om øget affaldssortering, dokumentation eller genanvendelse påføre virksomheden væsentlige ekstra omkostninger?	t	finansiel			\N	\N		2026-02-10 13:12:14.514445+01	2026-02-10 13:23:54.229569+01	15
1047	DVA	Risikerer virksomheden at blive ramt af nye affaldsafgifter eller udvidet producentansvar?	t	finansiel			\N	\N		2026-02-10 13:12:14.51735+01	2026-02-10 13:23:54.230831+01	15
86	IA	Virksomheden har en politik eller strategi for at vælge partnere ud fra deres arbejde med bæredygtighed og/eller ESG.	t	finansiel			2.3 Ansvarlige samarbejdspartnere	5	2.3.2	2026-02-06 11:14:57.635685+01	2026-02-13 13:44:44.486869+01	17
1048	DVA	Kan materialemangel eller udsving i råvarepriser påvirke virksomhedens økonomi eller forsyning?	t	finansiel			\N	\N		2026-02-10 13:12:14.520411+01	2026-02-10 13:23:54.231837+01	15
1049	DVA	Har virksomheden mulighed for at opnå fordele gennem cirkulære løsninger, genbrug eller materialeeffektivitet?	t	finansiel			\N	\N		2026-02-10 13:12:14.524262+01	2026-02-10 13:23:54.233063+01	15
1050	DVA	Møder virksomheden krav fra kunder, udbud eller samarbejdspartnere om at arbejde med lavt ressourceforbrug, affaldshåndtering eller cirkulær økonomi som en del af sine leverancer?	t	finansiel			\N	\N		2026-02-10 13:12:14.526812+01	2026-02-10 13:23:54.234147+01	15
1051	DVA	Har virksomheden én eller flere ansatte - uanset om de er fuldtid, deltid eller midlertidige?	t	impact			\N	\N		2026-02-10 13:12:14.529049+01	2026-02-10 13:23:54.235131+01	16
1052	DVA	Har nogen af virksomhedens ansatte opgaver, hvor efter- eller videreuddannelse er nødvendig for at opretholde kvalifikationer, sikkerhed eller lovkrav?	t	impact			\N	\N		2026-02-10 13:12:14.531399+01	2026-02-10 13:23:54.236107+01	16
1053	DVA	Har virksomheden ansatte, der arbejder i lande eller lokationer med høj risiko for brud på arbejdstagerrettigheder? Gælder også underfirmaer.	t	impact			\N	\N		2026-02-10 13:12:14.536233+01	2026-02-10 13:23:54.237079+01	16
1054	DVA	Har virksomheden ansatte, der udfører fysisk arbejde med risiko for aktive arbejdsskader?	t	impact			\N	\N		2026-02-10 13:12:14.538784+01	2026-02-10 13:23:54.238061+01	16
1055	DVA	Har virksomheden medarbejdere, der som en fast del af deres ansættelse arbejder på skæve tidspunkter - fx aften, nat, tidlig morgen eller weekender?	t	impact			\N	\N		2026-02-10 13:12:14.541065+01	2026-02-10 13:23:54.239532+01	16
1056	DVA	Er virksomhedens drift afhængig af medarbejdere, hvor fravær (fx sygdom, ulykker eller stress) kræver, at andre straks skal møde ind eller afløse for at driften kan fungere normalt?	t	finansiel			\N	\N		2026-02-10 13:12:14.543225+01	2026-02-10 13:23:54.240548+01	16
1057	DVA	Kan medarbejderudskiftning eller vanskeligheder med at fastholde ansatte føre til ekstraudgifter eller tab af kapacitet for virksomheden?	t	finansiel			\N	\N		2026-02-10 13:12:14.545982+01	2026-02-10 13:23:54.24158+01	16
1058	DVA	Kan ændringer i lovbestemt mindsteløn eller andre lovkrav til løn- og arbejdsvilkår have væsentlig indvirkning på virksomhedens omkostninger?	t	finansiel			\N	\N		2026-02-10 13:12:14.549846+01	2026-02-10 13:23:54.242624+01	16
1059	DVA	Vil et negativt omdømme af virksomhedens medarbejdere (fx dårlig trivsel, diskrimination eller manglende ligestilling), resulterer i tab af kunder?	t	finansiel			\N	\N		2026-02-10 13:12:14.552571+01	2026-02-10 13:23:54.243605+01	16
1060	DVA	Har virksomheden eller dets undervirksomheder ansatte i brancher eller lande med kendt risiko for alvorlige brud på arbejdstagerrettigheder (f.eks. tvangsarbejde, børnearbejde)?	t	finansiel			\N	\N		2026-02-10 13:12:14.554857+01	2026-02-10 13:23:54.244578+01	16
1061	DVA	Har virksomheden væsentlige leverandører eller underleverandører i lande eller brancher med svag beskyttelse af arbejdstagerrettigheder?	t	impact			\N	\N		2026-02-10 13:12:14.557041+01	2026-02-10 13:23:54.245549+01	17
1062	DVA	Benytter virksomheden andre virksomheder til regelmæssig drift - f.eks. uden fastansatte eller via outsourcing?	t	impact			\N	\N		2026-02-10 13:12:14.560168+01	2026-02-10 13:23:54.246523+01	17
1063	DVA	Har virksomhedens væsentlige leverandører ansatte, der udfører fysisk arbejde med øget risiko for arbejdsskader?	t	impact			\N	\N		2026-02-10 13:12:14.563446+01	2026-02-10 13:23:54.2475+01	17
1064	DVA	Har virksomheden indflydelse på arbejdsforholdene hos centrale leverandører og underleverandører?	t	impact			\N	\N		2026-02-10 13:12:14.565949+01	2026-02-10 13:23:54.248471+01	17
1065	DVA	Har virksomheden indflydelse på arbejdsforholdene hos centrale leverandører og underleverandører?	t	impact			\N	\N		2026-02-10 13:12:14.568131+01	2026-02-10 13:23:54.249531+01	17
1067	DVA	Risikerer virksomheden produktionsstop, kvalitetsproblemer eller leveranceforstyrrelser pga. dårlige arbejdsforhold i værdikæden?	t	finansiel			\N	\N		2026-02-10 13:12:14.573028+01	2026-02-10 13:23:54.251506+01	17
1068	DVA	Har virksomheden mulighed for at sætte krav til arbjedsforholdene hos leverandører i værdikæden?	t	finansiel			\N	\N		2026-02-10 13:12:14.575466+01	2026-02-10 13:23:54.25253+01	17
1069	DVA	Skal virksomheden dokumentere arbejdsforhold i værdikæden over for kunder, investorer eller myndigheder?	t	finansiel			\N	\N		2026-02-10 13:12:14.577673+01	2026-02-10 13:23:54.253606+01	17
1070	DVA	Kan investering i bedre arbejdsforhold hos leverandører give økonomiske fordele - f.eks. lavere risiko for fejl, bedre kvalitet eller leveringssikkerhed?	t	finansiel			\N	\N		2026-02-10 13:12:14.580076+01	2026-02-10 13:23:54.254632+01	17
1071	DVA	Har virksomheden aktiviteter, projekter eller beslutninger, der fysisk påvirker lokalsamfund (f.eks. gennem støj, trafik, byggeri eller udledning)?	t	impact			\N	\N		2026-02-10 13:12:14.582669+01	2026-02-10 13:23:54.255648+01	18
1072	DVA	Indgår virksomheden i projekter, hvor der bygges større anlæg, faciliteter eller infrastruktur tæt på beboelse eller følsomme områder som eksempelvis fredet natur, områder med stor biodiversitet og lignende?	t	impact			\N	\N		2026-02-10 13:12:14.585389+01	2026-02-10 13:23:54.256801+01	18
1073	DVA	Er virksomhedens aktiviteter placeret i eller tæt på lokalsamfund med høj følsomhed (f.eks. lav indkomst, sundhedsrisici, kulturel betydning eller oprindelige folk)?	t	impact			\N	\N		2026-02-10 13:12:14.587894+01	2026-02-10 13:23:54.258281+01	18
1074	DVA	Er virksomhedens drift afhængig af adgang til lokale naturressourcer som vand, landareal eller biodiversitet?	t	impact			\N	\N		2026-02-10 13:12:14.590317+01	2026-02-10 13:23:54.259516+01	18
1075	DVA	Har virksomheden en betydelig fysisk tilstedeværelse i lokalområder (f.eks. fabrik, hotel, kontor eller butik), som giver mulighed for at støtte det lokale samfund?	t	impact			\N	\N		2026-02-10 13:12:14.593256+01	2026-02-10 13:23:54.260967+01	18
1076	DVA	Risikerer virksomheden modstand, klager eller forsinkelser fra lokalsamfund pga. dens aktiviteter, udbygning eller tilstedeværelse?	t	finansiel			\N	\N		2026-02-10 13:12:14.595797+01	2026-02-10 13:23:54.262842+01	18
1077	DVA	Kan ændringer i lokale forhold ved virksomhedens lokation (f.eks. adgang til arbejdskraft, infrastruktur, kommunale regulativer) påvirke virksomhedens drift?	t	finansiel			\N	\N		2026-02-10 13:12:14.597996+01	2026-02-10 13:23:54.264576+01	18
1078	DVA	Er virksomheden afhængig af lokalt netværk (f.eks. vandforsyning, el, affald, transport), der kan være sårbart ved belastning eller nedbrud?	t	finansiel			\N	\N		2026-02-10 13:12:14.600423+01	2026-02-10 13:23:54.267236+01	18
1079	DVA	Har virksomheden fysiske faciliteter i områder med høj risiko for naturkatastrofer, oversvømmelse eller klimarelaterede hændelser?	t	finansiel			\N	\N		2026-02-10 13:12:14.602653+01	2026-02-10 13:23:54.269395+01	18
1080	DVA	Er virksomhedens aktiviteter afhængige af accept, samarbejde eller støtte fra lokale interessenter - f.eks. naboer, borgere, lokalt erhvervsliv eller kommune?	t	finansiel			\N	\N		2026-02-10 13:12:14.605043+01	2026-02-10 13:23:54.271886+01	18
1081	DVA	Har virksomheden direkte forbrugere eller slutbrugere af sine produkter eller ydelser?	t	impact			\N	\N		2026-02-10 13:12:14.607675+01	2026-02-10 13:23:54.273744+01	19
1082	DVA	Kan virksomhedens produkter eller ydelser påvirke sundhed, sikkerhed eller trivsel hos slutbrugeren?	t	impact			\N	\N		2026-02-10 13:12:14.610094+01	2026-02-10 13:23:54.275755+01	19
1083	DVA	Kan fejl, svigt eller mangler i virksomhedens produkter eller ydelser føre til fysisk eller psykisk skade for slutbrugeren?	t	impact			\N	\N		2026-02-10 13:12:14.613309+01	2026-02-10 13:23:54.277445+01	19
1084	DVA	Er nogle af virksomhedens produkter eller ydelser rettet mod slutbrugere, der kan være særligt sårbare - f.eks. børn, ældre eller syge?	t	impact			\N	\N		2026-02-10 13:12:14.617611+01	2026-02-10 13:23:54.27965+01	19
1085	DVA	Når nogle af virksomhedens produkter eller ydelser frem til slutbrugeren uden at gå gennem andre virksomheder, der bearbejder, videresælger eller pakker dem?	t	impact			\N	\N		2026-02-10 13:12:14.620439+01	2026-02-10 13:23:54.282107+01	19
1086	DVA	Er virksomheden eksponeret for offentlig kritik eller dårlig omtale fra slutbrugeren, hvis dens produkter/ydelser har fejl, bivirkninger eller skader?	t	finansiel			\N	\N		2026-02-10 13:12:14.622747+01	2026-02-10 13:23:54.283712+01	19
1087	DVA	Er virksomhedens slutbrugere afhængige af klare informationer, brugsanvisninger eller mærkning for at bruge produktet korrekt og sikkert?	t	finansiel			\N	\N		2026-02-10 13:12:14.625316+01	2026-02-10 13:23:54.285385+01	19
1088	DVA	Er der slutbrugere, hvis helbred, økonomi eller rettigheder kan påvirkes negativt, hvis produktet eller ydelsen ikke fungerer som forventet?	t	finansiel			\N	\N		2026-02-10 13:12:14.629651+01	2026-02-10 13:23:54.287026+01	19
1089	DVA	Kan slutbrugerens efterspørgsel på bæredygtighed påvirke virksomhedens konkurrenceevne?	t	finansiel			\N	\N		2026-02-10 13:12:14.632435+01	2026-02-10 13:23:54.289339+01	19
1090	DVA	Kan fejl, mangler eller utilfredshed hos slutbrugere føre til direkte økonomiske konsekvenser for virksomheden, som f.eks. erstatninger, tilbagebetalinger, bøder eller kontraktmæssige krav?	t	finansiel			\N	\N		2026-02-10 13:12:14.635116+01	2026-02-10 13:23:54.291152+01	19
1091	DVA	Har virksomheden aktiviteter i andre lande, eller samarbejder med virksomheder fra andre lande?	t	impact			\N	\N		2026-02-10 13:12:14.63744+01	2026-02-10 13:23:54.293476+01	20
1093	DVA	Har virksomheden aktiviteter, der kræver myndighedsgodkendelser for at kunne drive forretning?	t	impact			\N	\N		2026-02-10 13:12:14.644728+01	2026-02-10 13:23:54.300187+01	20
1094	DVA	Er virksomheden medlem af en brancheorganisation eller netværk, som offentligt har til formål at påvirke retningslinjer i samfundet (f.eks. via høringssvar, møder eller kampagner)?	t	impact			\N	\N		2026-02-10 13:12:14.646986+01	2026-02-10 13:23:54.303809+01	20
1095	DVA	Bruger virksomheden eksterne leverandører til at håndtere overholdelse af regler, juridiske forhold eller processer relateret til ledelse og styring, for eksempel kontrol mod hvidvask, intern revision eller behandling af persondata?	t	impact			\N	\N		2026-02-10 13:12:14.649122+01	2026-02-10 13:23:54.305933+01	20
1096	DVA	Er virksomhedens drift afhængig af politisk fastsatte rammer, som f.eks. støtteordninger, regulering, kvoter eller offentlige tilladelser?	t	finansiel			\N	\N		2026-02-10 13:12:14.651173+01	2026-02-10 13:23:54.308711+01	20
1097	DVA	Kan virksomhedens relation til offentlige myndigheder påvirke hastigheden eller sandsynligheden for godkendelser (f.eks. byggetilladelser, miljøgodkendelser eller driftstilladelser)?	t	finansiel			\N	\N		2026-02-10 13:12:14.654662+01	2026-02-10 13:23:54.31153+01	20
1098	DVA	Kan negativ omtale om virksomhedens ledelse, etik eller adfærd føre til tab af kunder, investorer eller samarbejdspartnere?	t	finansiel			\N	\N		2026-02-10 13:12:14.657121+01	2026-02-10 13:23:54.313121+01	20
1099	DVA	Er virksomhedens adgang til finansiering, investeringer eller store kunder afhængig af dokumenteret god ledelsespraksis (f.eks. I udbud, eller ved ESG-rapporter, etikkoder, compliance-programmer)?	t	finansiel			\N	\N		2026-02-10 13:12:14.659364+01	2026-02-10 13:23:54.31466+01	20
1100	DVA	Kan manglende kontrol med ledelses- og styringsområder medføre økonomiske konsekvenser, for eksempel bøder, forsinkelser, tab af kontrakter eller ekstra kontrol?	t	finansiel			\N	\N		2026-02-10 13:12:14.661744+01	2026-02-10 13:23:54.315956+01	20
14	IA	Virksomheden kan dokumentere oprindelsen af den energi, som hævdes at være grøn, uanset andel.	t	impact			1.3 Vedvarende energi	5	1.3.4	2026-02-06 11:14:57.466934+01	2026-02-13 13:44:14.497827+01	11
88	IA	Over 50 % af virksomhedens leverandører har implementeret ESG-politikker, certificeringer eller tilsvarende dokumenterede initiativer.	t	finansiel			2.3 Ansvarlige samarbejdspartnere	5	2.3.4	2026-02-06 11:14:57.639446+01	2026-02-13 13:44:14.575825+01	17
109	IA	Hvis virksomheden er involveret i eller genererer indtægter fra kontroversielle sektorer som våbenproduktion (inkl. antipersonelminer og klyngeammunition), tobaksproduktion, fossilt brændsel, kemikalieproduktion, eller er ekskluderet fra EU-referencerammer i overensstemmelse med Parisaftalen, skal virksomheden dokumentere størrelsen af disse indtægter eller aktivitet og være transparent omkring disse aktiviteter.	t	\N			1.3 Aktivitet i kontroversielle sektorer	10	1.3.1	2026-02-06 11:14:57.836279+01	2026-02-13 13:44:44.53762+01	20
\.


--
-- TOC entry 5252 (class 0 OID 16648)
-- Dependencies: 249
-- Data for Name: core_subcategory; Type: TABLE DATA; Schema: public; Owner: postgres
--

COPY public.core_subcategory (id, label, title, description, category_id) FROM stdin;
11	E1	SubCategory E1		4
12	E2	SubCategory E2		4
13	E3	SubCategory E3		4
14	E4	SubCategory E4		4
15	E5	SubCategory E5		4
16	S1	SubCategory S1		5
17	S2	SubCategory S2		5
18	S3	SubCategory S3		5
19	S4	SubCategory S4		5
20	G1	SubCategory G1		6
\.


--
-- TOC entry 5239 (class 0 OID 16532)
-- Dependencies: 236
-- Data for Name: django_admin_log; Type: TABLE DATA; Schema: public; Owner: postgres
--

COPY public.django_admin_log (id, action_time, object_id, object_repr, action_flag, change_message, content_type_id, user_id) FROM stdin;
1	2026-02-06 12:43:09.485671+01	1	Djurs Consult	1	[{"added": {}}]	9	1
2	2026-02-06 12:49:21.765372+01	1	[DVA/E1] Har virksomheden Scope 1 udledninger!...	2	[{"changed": {"fields": ["Text"]}}]	11	1
3	2026-02-06 12:49:48.382369+01	1	[DVA/E1] Har virksomheden Scope 1 udledninger?...	2	[{"changed": {"fields": ["Text"]}}]	11	1
4	2026-02-06 12:55:29.084828+01	1	[DVA/E1] Har virksomheden Scope 1 udledninger!...	2	[{"changed": {"fields": ["Text"]}}]	11	1
5	2026-02-06 12:56:02.72506+01	1	[DVA/E1] Har virksomheden Scope 1 udledninger?...	2	[{"changed": {"fields": ["Text"]}}]	11	1
6	2026-02-06 13:27:57.061592+01	1	[DVA/E1] Har virksomheden Scope 1 udledninger!...	2	[{"changed": {"fields": ["Text"]}}]	11	1
7	2026-02-06 13:28:11.900099+01	1	[DVA/E1] Har virksomheden Scope 1 udledninger?...	2	[{"changed": {"fields": ["Text"]}}]	11	1
8	2026-02-13 11:26:34.482437+01	1001	[DVA/E1] Har virksomheden Scope 1 udledninger?!...	2	[{"changed": {"fields": ["Text"]}}]	11	1
9	2026-02-13 11:26:54.627044+01	1001	[DVA/E1] Har virksomheden Scope 1 udledninger?...	2	[{"changed": {"fields": ["Text"]}}]	11	1
10	2026-02-13 12:11:22.928769+01	2	Test ApS	1	[{"added": {}}]	9	1
11	2026-02-13 12:13:13.766031+01	2	Test ApS	3		9	1
12	2026-02-13 12:13:26.107895+01	3	Test ApS	1	[{"added": {}}]	9	1
13	2026-02-16 10:15:57.458713+01	1001	[DVA/E1] Har virksomheden Scope 1 udledninger?!...	2	[{"changed": {"fields": ["Text"]}}]	11	1
14	2026-02-16 10:16:12.856988+01	1001	[DVA/E1] Har virksomheden Scope 1 udledninger?...	2	[{"changed": {"fields": ["Text"]}}]	11	1
15	2026-02-16 14:46:14.438173+01	1	Basismodul Data for Djurs Consult	2	[{"changed": {"fields": ["Grundlag for udarbejdelse"]}}]	15	1
16	2026-02-19 11:06:10.666022+01	2	documents/2026/02/19/Kageordning.docx (Djurs Consult - 2026)	3		10	1
17	2026-02-19 11:06:10.666057+01	1	documents/2026/02/19/Inspiration.docx (Djurs Consult - 2026)	3		10	1
18	2026-02-19 12:43:57.29237+01	3	documents/2026/02/19/Kageordning_1.docx (Djurs Consult - 2026)	2	[{"changed": {"fields": ["File", "Status"]}}]	10	1
19	2026-02-19 12:44:37.221246+01	4	documents/2026/02/19/Blogindlæg_-_CFD.docx (Djurs Consult - 2026)	2	[{"changed": {"fields": ["Status"]}}]	10	1
20	2026-02-19 12:58:09.275692+01	5	documents/2026/02/19/Inspiration_pEkADnE.docx (Djurs Consult - 2026)	2	[{"changed": {"fields": ["File", "Status"]}}]	10	1
21	2026-02-19 13:00:16.516807+01	5	documents/2026/02/19/Inspiration_pEkADnE.docx (Djurs Consult - 2026)	2	[{"changed": {"fields": ["Status"]}}]	10	1
22	2026-02-23 09:20:42.038159+01	3	documents/2026/02/19/Kageordning_1.docx (Djurs Consult - 2026)	2	[{"changed": {"fields": ["Admin comment"]}}]	10	1
\.


--
-- TOC entry 5225 (class 0 OID 16402)
-- Dependencies: 222
-- Data for Name: django_content_type; Type: TABLE DATA; Schema: public; Owner: postgres
--

COPY public.django_content_type (id, app_label, model) FROM stdin;
1	admin	logentry
2	auth	group
3	auth	permission
4	auth	user
5	contenttypes	contenttype
6	sessions	session
7	core	answer
8	core	category
9	core	company
10	core	document
11	core	question
12	core	subcategory
13	authtoken	token
14	authtoken	tokenproxy
15	core	companybasismoduldata
16	core	companyextendedmoduledata
\.


--
-- TOC entry 5223 (class 0 OID 16390)
-- Dependencies: 220
-- Data for Name: django_migrations; Type: TABLE DATA; Schema: public; Owner: postgres
--

COPY public.django_migrations (id, app, name, applied) FROM stdin;
1	contenttypes	0001_initial	2026-02-06 10:49:52.273819+01
2	auth	0001_initial	2026-02-06 10:49:52.332971+01
3	admin	0001_initial	2026-02-06 10:49:52.354998+01
4	admin	0002_logentry_remove_auto_add	2026-02-06 10:49:52.360806+01
5	admin	0003_logentry_add_action_flag_choices	2026-02-06 10:49:52.366133+01
6	contenttypes	0002_remove_content_type_name	2026-02-06 10:49:52.386106+01
7	auth	0002_alter_permission_name_max_length	2026-02-06 10:49:52.395664+01
8	auth	0003_alter_user_email_max_length	2026-02-06 10:49:52.403437+01
9	auth	0004_alter_user_username_opts	2026-02-06 10:49:52.412649+01
10	auth	0005_alter_user_last_login_null	2026-02-06 10:49:52.422594+01
11	auth	0006_require_contenttypes_0002	2026-02-06 10:49:52.424155+01
12	auth	0007_alter_validators_add_error_messages	2026-02-06 10:49:52.431964+01
13	auth	0008_alter_user_username_max_length	2026-02-06 10:49:52.442658+01
14	auth	0009_alter_user_last_name_max_length	2026-02-06 10:49:52.451113+01
15	auth	0010_alter_group_name_max_length	2026-02-06 10:49:52.459347+01
16	auth	0011_update_proxy_permissions	2026-02-06 10:49:52.464433+01
17	auth	0012_alter_user_first_name_max_length	2026-02-06 10:49:52.472006+01
18	sessions	0001_initial	2026-02-06 10:49:52.481304+01
19	core	0001_initial	2026-02-06 10:51:38.237697+01
20	authtoken	0001_initial	2026-02-09 08:47:09.372912+01
21	authtoken	0002_auto_20160226_1747	2026-02-09 08:47:09.405502+01
22	authtoken	0003_tokenproxy	2026-02-09 08:47:09.407882+01
23	authtoken	0004_alter_tokenproxy_options	2026-02-09 08:47:09.414026+01
24	core	0002_alter_question_topic	2026-02-10 11:45:58.183685+01
25	core	0002_alter_question_topic_companybasismoduldata	2026-02-12 12:52:20.171395+01
26	core	0003_companybasismoduldata_year_and_more	2026-02-13 11:46:51.537759+01
27	core	0004_companyextendedmoduledata	2026-02-13 11:51:11.703723+01
28	core	0005_alter_document_options_and_more	2026-02-19 10:21:48.031293+01
\.


--
-- TOC entry 5240 (class 0 OID 16572)
-- Dependencies: 237
-- Data for Name: django_session; Type: TABLE DATA; Schema: public; Owner: postgres
--

COPY public.django_session (session_key, session_data, expire_date) FROM stdin;
mw685upsssjkfxmjnzj21x2vaot6fzf9	.eJxVjLsKwzAMAP9FczHYlu04Y_d-Q5AsuU5bEshjKv33EsjQrnfHvWGgfWvDvuoyjAI9WLj8Mqby1OkQ8qDpPpsyT9sysjkSc9rV3GbR1_Vs_waN1gY9eFXHkjwGUlXBmnMOQSmTDRWxouOOpKaIhW0R5uQ5-uhjx04xM3y-Db040w:1voKCT:KSWi5ba3MAT1_13mdqleUSHKPZF7sXiKDN0KK0jo_oE	2026-02-20 12:40:37.587555+01
e0wfck3846ylvalawp6vga50yzi3lmun	.eJxVjLsKwzAMAP9FczHYlu04Y_d-Q5AsuU5bEshjKv33EsjQrnfHvWGgfWvDvuoyjAI9WLj8Mqby1OkQ8qDpPpsyT9sysjkSc9rV3GbR1_Vs_waN1gY9eFXHkjwGUlXBmnMOQSmTDRWxouOOpKaIhW0R5uQ5-uhjx04xM3y-Db040w:1vuQeC:S9OaRg-WbrkH6wdIJVxVVzAN7qBJj4UN67F-6XKm3aw	2026-03-09 08:46:28.928041+01
\.


--
-- TOC entry 5265 (class 0 OID 0)
-- Dependencies: 225
-- Name: auth_group_id_seq; Type: SEQUENCE SET; Schema: public; Owner: postgres
--

SELECT pg_catalog.setval('public.auth_group_id_seq', 1, false);


--
-- TOC entry 5266 (class 0 OID 0)
-- Dependencies: 227
-- Name: auth_group_permissions_id_seq; Type: SEQUENCE SET; Schema: public; Owner: postgres
--

SELECT pg_catalog.setval('public.auth_group_permissions_id_seq', 1, false);


--
-- TOC entry 5267 (class 0 OID 0)
-- Dependencies: 223
-- Name: auth_permission_id_seq; Type: SEQUENCE SET; Schema: public; Owner: postgres
--

SELECT pg_catalog.setval('public.auth_permission_id_seq', 64, true);


--
-- TOC entry 5268 (class 0 OID 0)
-- Dependencies: 231
-- Name: auth_user_groups_id_seq; Type: SEQUENCE SET; Schema: public; Owner: postgres
--

SELECT pg_catalog.setval('public.auth_user_groups_id_seq', 1, false);


--
-- TOC entry 5269 (class 0 OID 0)
-- Dependencies: 229
-- Name: auth_user_id_seq; Type: SEQUENCE SET; Schema: public; Owner: postgres
--

SELECT pg_catalog.setval('public.auth_user_id_seq', 1, true);


--
-- TOC entry 5270 (class 0 OID 0)
-- Dependencies: 233
-- Name: auth_user_user_permissions_id_seq; Type: SEQUENCE SET; Schema: public; Owner: postgres
--

SELECT pg_catalog.setval('public.auth_user_user_permissions_id_seq', 1, false);


--
-- TOC entry 5271 (class 0 OID 0)
-- Dependencies: 255
-- Name: core_answer_documents_id_seq; Type: SEQUENCE SET; Schema: public; Owner: postgres
--

SELECT pg_catalog.setval('public.core_answer_documents_id_seq', 14, true);


--
-- TOC entry 5272 (class 0 OID 0)
-- Dependencies: 244
-- Name: core_answer_id_seq; Type: SEQUENCE SET; Schema: public; Owner: postgres
--

SELECT pg_catalog.setval('public.core_answer_id_seq', 328, true);


--
-- TOC entry 5273 (class 0 OID 0)
-- Dependencies: 238
-- Name: core_category_id_seq; Type: SEQUENCE SET; Schema: public; Owner: postgres
--

SELECT pg_catalog.setval('public.core_category_id_seq', 6, true);


--
-- TOC entry 5274 (class 0 OID 0)
-- Dependencies: 242
-- Name: core_company_id_seq; Type: SEQUENCE SET; Schema: public; Owner: postgres
--

SELECT pg_catalog.setval('public.core_company_id_seq', 3, true);


--
-- TOC entry 5275 (class 0 OID 0)
-- Dependencies: 251
-- Name: core_companybasismoduldata_id_seq; Type: SEQUENCE SET; Schema: public; Owner: postgres
--

SELECT pg_catalog.setval('public.core_companybasismoduldata_id_seq', 2, true);


--
-- TOC entry 5276 (class 0 OID 0)
-- Dependencies: 253
-- Name: core_companyextendedmoduledata_id_seq; Type: SEQUENCE SET; Schema: public; Owner: postgres
--

SELECT pg_catalog.setval('public.core_companyextendedmoduledata_id_seq', 1, true);


--
-- TOC entry 5277 (class 0 OID 0)
-- Dependencies: 246
-- Name: core_document_id_seq; Type: SEQUENCE SET; Schema: public; Owner: postgres
--

SELECT pg_catalog.setval('public.core_document_id_seq', 6, true);


--
-- TOC entry 5278 (class 0 OID 0)
-- Dependencies: 240
-- Name: core_question_id_seq; Type: SEQUENCE SET; Schema: public; Owner: postgres
--

SELECT pg_catalog.setval('public.core_question_id_seq', 1, false);


--
-- TOC entry 5279 (class 0 OID 0)
-- Dependencies: 248
-- Name: core_subcategory_id_seq; Type: SEQUENCE SET; Schema: public; Owner: postgres
--

SELECT pg_catalog.setval('public.core_subcategory_id_seq', 20, true);


--
-- TOC entry 5280 (class 0 OID 0)
-- Dependencies: 235
-- Name: django_admin_log_id_seq; Type: SEQUENCE SET; Schema: public; Owner: postgres
--

SELECT pg_catalog.setval('public.django_admin_log_id_seq', 22, true);


--
-- TOC entry 5281 (class 0 OID 0)
-- Dependencies: 221
-- Name: django_content_type_id_seq; Type: SEQUENCE SET; Schema: public; Owner: postgres
--

SELECT pg_catalog.setval('public.django_content_type_id_seq', 16, true);


--
-- TOC entry 5282 (class 0 OID 0)
-- Dependencies: 219
-- Name: django_migrations_id_seq; Type: SEQUENCE SET; Schema: public; Owner: postgres
--

SELECT pg_catalog.setval('public.django_migrations_id_seq', 28, true);


--
-- TOC entry 4974 (class 2606 OID 16568)
-- Name: auth_group auth_group_name_key; Type: CONSTRAINT; Schema: public; Owner: postgres
--

ALTER TABLE ONLY public.auth_group
    ADD CONSTRAINT auth_group_name_key UNIQUE (name);


--
-- TOC entry 4979 (class 2606 OID 16489)
-- Name: auth_group_permissions auth_group_permissions_group_id_permission_id_0cd325b0_uniq; Type: CONSTRAINT; Schema: public; Owner: postgres
--

ALTER TABLE ONLY public.auth_group_permissions
    ADD CONSTRAINT auth_group_permissions_group_id_permission_id_0cd325b0_uniq UNIQUE (group_id, permission_id);


--
-- TOC entry 4982 (class 2606 OID 16441)
-- Name: auth_group_permissions auth_group_permissions_pkey; Type: CONSTRAINT; Schema: public; Owner: postgres
--

ALTER TABLE ONLY public.auth_group_permissions
    ADD CONSTRAINT auth_group_permissions_pkey PRIMARY KEY (id);


--
-- TOC entry 4976 (class 2606 OID 16430)
-- Name: auth_group auth_group_pkey; Type: CONSTRAINT; Schema: public; Owner: postgres
--

ALTER TABLE ONLY public.auth_group
    ADD CONSTRAINT auth_group_pkey PRIMARY KEY (id);


--
-- TOC entry 4969 (class 2606 OID 16480)
-- Name: auth_permission auth_permission_content_type_id_codename_01ab375a_uniq; Type: CONSTRAINT; Schema: public; Owner: postgres
--

ALTER TABLE ONLY public.auth_permission
    ADD CONSTRAINT auth_permission_content_type_id_codename_01ab375a_uniq UNIQUE (content_type_id, codename);


--
-- TOC entry 4971 (class 2606 OID 16422)
-- Name: auth_permission auth_permission_pkey; Type: CONSTRAINT; Schema: public; Owner: postgres
--

ALTER TABLE ONLY public.auth_permission
    ADD CONSTRAINT auth_permission_pkey PRIMARY KEY (id);


--
-- TOC entry 4990 (class 2606 OID 16469)
-- Name: auth_user_groups auth_user_groups_pkey; Type: CONSTRAINT; Schema: public; Owner: postgres
--

ALTER TABLE ONLY public.auth_user_groups
    ADD CONSTRAINT auth_user_groups_pkey PRIMARY KEY (id);


--
-- TOC entry 4993 (class 2606 OID 16504)
-- Name: auth_user_groups auth_user_groups_user_id_group_id_94350c0c_uniq; Type: CONSTRAINT; Schema: public; Owner: postgres
--

ALTER TABLE ONLY public.auth_user_groups
    ADD CONSTRAINT auth_user_groups_user_id_group_id_94350c0c_uniq UNIQUE (user_id, group_id);


--
-- TOC entry 4984 (class 2606 OID 16458)
-- Name: auth_user auth_user_pkey; Type: CONSTRAINT; Schema: public; Owner: postgres
--

ALTER TABLE ONLY public.auth_user
    ADD CONSTRAINT auth_user_pkey PRIMARY KEY (id);


--
-- TOC entry 4996 (class 2606 OID 16478)
-- Name: auth_user_user_permissions auth_user_user_permissions_pkey; Type: CONSTRAINT; Schema: public; Owner: postgres
--

ALTER TABLE ONLY public.auth_user_user_permissions
    ADD CONSTRAINT auth_user_user_permissions_pkey PRIMARY KEY (id);


--
-- TOC entry 4999 (class 2606 OID 16518)
-- Name: auth_user_user_permissions auth_user_user_permissions_user_id_permission_id_14a6b632_uniq; Type: CONSTRAINT; Schema: public; Owner: postgres
--

ALTER TABLE ONLY public.auth_user_user_permissions
    ADD CONSTRAINT auth_user_user_permissions_user_id_permission_id_14a6b632_uniq UNIQUE (user_id, permission_id);


--
-- TOC entry 4987 (class 2606 OID 16561)
-- Name: auth_user auth_user_username_key; Type: CONSTRAINT; Schema: public; Owner: postgres
--

ALTER TABLE ONLY public.auth_user
    ADD CONSTRAINT auth_user_username_key UNIQUE (username);


--
-- TOC entry 5036 (class 2606 OID 16712)
-- Name: authtoken_token authtoken_token_pkey; Type: CONSTRAINT; Schema: public; Owner: postgres
--

ALTER TABLE ONLY public.authtoken_token
    ADD CONSTRAINT authtoken_token_pkey PRIMARY KEY (key);


--
-- TOC entry 5038 (class 2606 OID 16714)
-- Name: authtoken_token authtoken_token_user_id_key; Type: CONSTRAINT; Schema: public; Owner: postgres
--

ALTER TABLE ONLY public.authtoken_token
    ADD CONSTRAINT authtoken_token_user_id_key UNIQUE (user_id);


--
-- TOC entry 5021 (class 2606 OID 16676)
-- Name: core_answer core_answer_company_id_question_id_year_3f0b5f86_uniq; Type: CONSTRAINT; Schema: public; Owner: postgres
--

ALTER TABLE ONLY public.core_answer
    ADD CONSTRAINT core_answer_company_id_question_id_year_3f0b5f86_uniq UNIQUE (company_id, question_id, year);


--
-- TOC entry 5051 (class 2606 OID 17507)
-- Name: core_answer_documents core_answer_documents_answer_id_document_id_98412b95_uniq; Type: CONSTRAINT; Schema: public; Owner: postgres
--

ALTER TABLE ONLY public.core_answer_documents
    ADD CONSTRAINT core_answer_documents_answer_id_document_id_98412b95_uniq UNIQUE (answer_id, document_id);


--
-- TOC entry 5054 (class 2606 OID 17495)
-- Name: core_answer_documents core_answer_documents_pkey; Type: CONSTRAINT; Schema: public; Owner: postgres
--

ALTER TABLE ONLY public.core_answer_documents
    ADD CONSTRAINT core_answer_documents_pkey PRIMARY KEY (id);


--
-- TOC entry 5023 (class 2606 OID 16635)
-- Name: core_answer core_answer_pkey; Type: CONSTRAINT; Schema: public; Owner: postgres
--

ALTER TABLE ONLY public.core_answer
    ADD CONSTRAINT core_answer_pkey PRIMARY KEY (id);


--
-- TOC entry 5010 (class 2606 OID 16594)
-- Name: core_category core_category_code_key; Type: CONSTRAINT; Schema: public; Owner: postgres
--

ALTER TABLE ONLY public.core_category
    ADD CONSTRAINT core_category_code_key UNIQUE (code);


--
-- TOC entry 5012 (class 2606 OID 16592)
-- Name: core_category core_category_pkey; Type: CONSTRAINT; Schema: public; Owner: postgres
--

ALTER TABLE ONLY public.core_category
    ADD CONSTRAINT core_category_pkey PRIMARY KEY (id);


--
-- TOC entry 5017 (class 2606 OID 16620)
-- Name: core_company core_company_pkey; Type: CONSTRAINT; Schema: public; Owner: postgres
--

ALTER TABLE ONLY public.core_company
    ADD CONSTRAINT core_company_pkey PRIMARY KEY (id);


--
-- TOC entry 5041 (class 2606 OID 17462)
-- Name: core_companybasismoduldata core_companybasismoduldata_company_id_year_569e92ea_uniq; Type: CONSTRAINT; Schema: public; Owner: postgres
--

ALTER TABLE ONLY public.core_companybasismoduldata
    ADD CONSTRAINT core_companybasismoduldata_company_id_year_569e92ea_uniq UNIQUE (company_id, year);


--
-- TOC entry 5043 (class 2606 OID 16740)
-- Name: core_companybasismoduldata core_companybasismoduldata_pkey; Type: CONSTRAINT; Schema: public; Owner: postgres
--

ALTER TABLE ONLY public.core_companybasismoduldata
    ADD CONSTRAINT core_companybasismoduldata_pkey PRIMARY KEY (id);


--
-- TOC entry 5046 (class 2606 OID 17479)
-- Name: core_companyextendedmoduledata core_companyextendedmoduledata_company_id_year_583bd751_uniq; Type: CONSTRAINT; Schema: public; Owner: postgres
--

ALTER TABLE ONLY public.core_companyextendedmoduledata
    ADD CONSTRAINT core_companyextendedmoduledata_company_id_year_583bd751_uniq UNIQUE (company_id, year);


--
-- TOC entry 5048 (class 2606 OID 17477)
-- Name: core_companyextendedmoduledata core_companyextendedmoduledata_pkey; Type: CONSTRAINT; Schema: public; Owner: postgres
--

ALTER TABLE ONLY public.core_companyextendedmoduledata
    ADD CONSTRAINT core_companyextendedmoduledata_pkey PRIMARY KEY (id);


--
-- TOC entry 5027 (class 2606 OID 16646)
-- Name: core_document core_document_pkey; Type: CONSTRAINT; Schema: public; Owner: postgres
--

ALTER TABLE ONLY public.core_document
    ADD CONSTRAINT core_document_pkey PRIMARY KEY (id);


--
-- TOC entry 5014 (class 2606 OID 16612)
-- Name: core_question core_question_pkey; Type: CONSTRAINT; Schema: public; Owner: postgres
--

ALTER TABLE ONLY public.core_question
    ADD CONSTRAINT core_question_pkey PRIMARY KEY (id);


--
-- TOC entry 5031 (class 2606 OID 16661)
-- Name: core_subcategory core_subcategory_label_key; Type: CONSTRAINT; Schema: public; Owner: postgres
--

ALTER TABLE ONLY public.core_subcategory
    ADD CONSTRAINT core_subcategory_label_key UNIQUE (label);


--
-- TOC entry 5033 (class 2606 OID 16659)
-- Name: core_subcategory core_subcategory_pkey; Type: CONSTRAINT; Schema: public; Owner: postgres
--

ALTER TABLE ONLY public.core_subcategory
    ADD CONSTRAINT core_subcategory_pkey PRIMARY KEY (id);


--
-- TOC entry 5002 (class 2606 OID 16545)
-- Name: django_admin_log django_admin_log_pkey; Type: CONSTRAINT; Schema: public; Owner: postgres
--

ALTER TABLE ONLY public.django_admin_log
    ADD CONSTRAINT django_admin_log_pkey PRIMARY KEY (id);


--
-- TOC entry 4964 (class 2606 OID 16412)
-- Name: django_content_type django_content_type_app_label_model_76bd3d3b_uniq; Type: CONSTRAINT; Schema: public; Owner: postgres
--

ALTER TABLE ONLY public.django_content_type
    ADD CONSTRAINT django_content_type_app_label_model_76bd3d3b_uniq UNIQUE (app_label, model);


--
-- TOC entry 4966 (class 2606 OID 16410)
-- Name: django_content_type django_content_type_pkey; Type: CONSTRAINT; Schema: public; Owner: postgres
--

ALTER TABLE ONLY public.django_content_type
    ADD CONSTRAINT django_content_type_pkey PRIMARY KEY (id);


--
-- TOC entry 4962 (class 2606 OID 16400)
-- Name: django_migrations django_migrations_pkey; Type: CONSTRAINT; Schema: public; Owner: postgres
--

ALTER TABLE ONLY public.django_migrations
    ADD CONSTRAINT django_migrations_pkey PRIMARY KEY (id);


--
-- TOC entry 5006 (class 2606 OID 16581)
-- Name: django_session django_session_pkey; Type: CONSTRAINT; Schema: public; Owner: postgres
--

ALTER TABLE ONLY public.django_session
    ADD CONSTRAINT django_session_pkey PRIMARY KEY (session_key);


--
-- TOC entry 4972 (class 1259 OID 16569)
-- Name: auth_group_name_a6ea08ec_like; Type: INDEX; Schema: public; Owner: postgres
--

CREATE INDEX auth_group_name_a6ea08ec_like ON public.auth_group USING btree (name varchar_pattern_ops);


--
-- TOC entry 4977 (class 1259 OID 16500)
-- Name: auth_group_permissions_group_id_b120cbf9; Type: INDEX; Schema: public; Owner: postgres
--

CREATE INDEX auth_group_permissions_group_id_b120cbf9 ON public.auth_group_permissions USING btree (group_id);


--
-- TOC entry 4980 (class 1259 OID 16501)
-- Name: auth_group_permissions_permission_id_84c5c92e; Type: INDEX; Schema: public; Owner: postgres
--

CREATE INDEX auth_group_permissions_permission_id_84c5c92e ON public.auth_group_permissions USING btree (permission_id);


--
-- TOC entry 4967 (class 1259 OID 16486)
-- Name: auth_permission_content_type_id_2f476e4b; Type: INDEX; Schema: public; Owner: postgres
--

CREATE INDEX auth_permission_content_type_id_2f476e4b ON public.auth_permission USING btree (content_type_id);


--
-- TOC entry 4988 (class 1259 OID 16516)
-- Name: auth_user_groups_group_id_97559544; Type: INDEX; Schema: public; Owner: postgres
--

CREATE INDEX auth_user_groups_group_id_97559544 ON public.auth_user_groups USING btree (group_id);


--
-- TOC entry 4991 (class 1259 OID 16515)
-- Name: auth_user_groups_user_id_6a12ed8b; Type: INDEX; Schema: public; Owner: postgres
--

CREATE INDEX auth_user_groups_user_id_6a12ed8b ON public.auth_user_groups USING btree (user_id);


--
-- TOC entry 4994 (class 1259 OID 16530)
-- Name: auth_user_user_permissions_permission_id_1fbb5f2c; Type: INDEX; Schema: public; Owner: postgres
--

CREATE INDEX auth_user_user_permissions_permission_id_1fbb5f2c ON public.auth_user_user_permissions USING btree (permission_id);


--
-- TOC entry 4997 (class 1259 OID 16529)
-- Name: auth_user_user_permissions_user_id_a95ead1b; Type: INDEX; Schema: public; Owner: postgres
--

CREATE INDEX auth_user_user_permissions_user_id_a95ead1b ON public.auth_user_user_permissions USING btree (user_id);


--
-- TOC entry 4985 (class 1259 OID 16562)
-- Name: auth_user_username_6821ab7c_like; Type: INDEX; Schema: public; Owner: postgres
--

CREATE INDEX auth_user_username_6821ab7c_like ON public.auth_user USING btree (username varchar_pattern_ops);


--
-- TOC entry 5034 (class 1259 OID 16720)
-- Name: authtoken_token_key_10f0b77e_like; Type: INDEX; Schema: public; Owner: postgres
--

CREATE INDEX authtoken_token_key_10f0b77e_like ON public.authtoken_token USING btree (key varchar_pattern_ops);


--
-- TOC entry 5019 (class 1259 OID 16687)
-- Name: core_answer_company_id_b7710763; Type: INDEX; Schema: public; Owner: postgres
--

CREATE INDEX core_answer_company_id_b7710763 ON public.core_answer USING btree (company_id);


--
-- TOC entry 5049 (class 1259 OID 17518)
-- Name: core_answer_documents_answer_id_41571bc8; Type: INDEX; Schema: public; Owner: postgres
--

CREATE INDEX core_answer_documents_answer_id_41571bc8 ON public.core_answer_documents USING btree (answer_id);


--
-- TOC entry 5052 (class 1259 OID 17519)
-- Name: core_answer_documents_document_id_ed56cf0a; Type: INDEX; Schema: public; Owner: postgres
--

CREATE INDEX core_answer_documents_document_id_ed56cf0a ON public.core_answer_documents USING btree (document_id);


--
-- TOC entry 5024 (class 1259 OID 16688)
-- Name: core_answer_question_id_983e3a0c; Type: INDEX; Schema: public; Owner: postgres
--

CREATE INDEX core_answer_question_id_983e3a0c ON public.core_answer USING btree (question_id);


--
-- TOC entry 5008 (class 1259 OID 16668)
-- Name: core_category_code_a18c14ca_like; Type: INDEX; Schema: public; Owner: postgres
--

CREATE INDEX core_category_code_a18c14ca_like ON public.core_category USING btree (code varchar_pattern_ops);


--
-- TOC entry 5018 (class 1259 OID 16674)
-- Name: core_company_user_id_3e4d1ade; Type: INDEX; Schema: public; Owner: postgres
--

CREATE INDEX core_company_user_id_3e4d1ade ON public.core_company USING btree (user_id);


--
-- TOC entry 5039 (class 1259 OID 17455)
-- Name: core_companybasismoduldata_company_id_439f5b1c; Type: INDEX; Schema: public; Owner: postgres
--

CREATE INDEX core_companybasismoduldata_company_id_439f5b1c ON public.core_companybasismoduldata USING btree (company_id);


--
-- TOC entry 5044 (class 1259 OID 17485)
-- Name: core_companyextendedmoduledata_company_id_52ebcf3e; Type: INDEX; Schema: public; Owner: postgres
--

CREATE INDEX core_companyextendedmoduledata_company_id_52ebcf3e ON public.core_companyextendedmoduledata USING btree (company_id);


--
-- TOC entry 5025 (class 1259 OID 17520)
-- Name: core_document_company_id_29f28d58; Type: INDEX; Schema: public; Owner: postgres
--

CREATE INDEX core_document_company_id_29f28d58 ON public.core_document USING btree (company_id);


--
-- TOC entry 5015 (class 1259 OID 16702)
-- Name: core_question_sub_category_id_b2bd9e5a; Type: INDEX; Schema: public; Owner: postgres
--

CREATE INDEX core_question_sub_category_id_b2bd9e5a ON public.core_question USING btree (sub_category_id);


--
-- TOC entry 5028 (class 1259 OID 16701)
-- Name: core_subcategory_category_id_ca17dbdb; Type: INDEX; Schema: public; Owner: postgres
--

CREATE INDEX core_subcategory_category_id_ca17dbdb ON public.core_subcategory USING btree (category_id);


--
-- TOC entry 5029 (class 1259 OID 16700)
-- Name: core_subcategory_label_6818eeaa_like; Type: INDEX; Schema: public; Owner: postgres
--

CREATE INDEX core_subcategory_label_6818eeaa_like ON public.core_subcategory USING btree (label varchar_pattern_ops);


--
-- TOC entry 5000 (class 1259 OID 16556)
-- Name: django_admin_log_content_type_id_c4bce8eb; Type: INDEX; Schema: public; Owner: postgres
--

CREATE INDEX django_admin_log_content_type_id_c4bce8eb ON public.django_admin_log USING btree (content_type_id);


--
-- TOC entry 5003 (class 1259 OID 16557)
-- Name: django_admin_log_user_id_c564eba6; Type: INDEX; Schema: public; Owner: postgres
--

CREATE INDEX django_admin_log_user_id_c564eba6 ON public.django_admin_log USING btree (user_id);


--
-- TOC entry 5004 (class 1259 OID 16583)
-- Name: django_session_expire_date_a5c62663; Type: INDEX; Schema: public; Owner: postgres
--

CREATE INDEX django_session_expire_date_a5c62663 ON public.django_session USING btree (expire_date);


--
-- TOC entry 5007 (class 1259 OID 16582)
-- Name: django_session_session_key_c0390e0f_like; Type: INDEX; Schema: public; Owner: postgres
--

CREATE INDEX django_session_session_key_c0390e0f_like ON public.django_session USING btree (session_key varchar_pattern_ops);


--
-- TOC entry 5056 (class 2606 OID 16495)
-- Name: auth_group_permissions auth_group_permissio_permission_id_84c5c92e_fk_auth_perm; Type: FK CONSTRAINT; Schema: public; Owner: postgres
--

ALTER TABLE ONLY public.auth_group_permissions
    ADD CONSTRAINT auth_group_permissio_permission_id_84c5c92e_fk_auth_perm FOREIGN KEY (permission_id) REFERENCES public.auth_permission(id) DEFERRABLE INITIALLY DEFERRED;


--
-- TOC entry 5057 (class 2606 OID 16490)
-- Name: auth_group_permissions auth_group_permissions_group_id_b120cbf9_fk_auth_group_id; Type: FK CONSTRAINT; Schema: public; Owner: postgres
--

ALTER TABLE ONLY public.auth_group_permissions
    ADD CONSTRAINT auth_group_permissions_group_id_b120cbf9_fk_auth_group_id FOREIGN KEY (group_id) REFERENCES public.auth_group(id) DEFERRABLE INITIALLY DEFERRED;


--
-- TOC entry 5055 (class 2606 OID 16481)
-- Name: auth_permission auth_permission_content_type_id_2f476e4b_fk_django_co; Type: FK CONSTRAINT; Schema: public; Owner: postgres
--

ALTER TABLE ONLY public.auth_permission
    ADD CONSTRAINT auth_permission_content_type_id_2f476e4b_fk_django_co FOREIGN KEY (content_type_id) REFERENCES public.django_content_type(id) DEFERRABLE INITIALLY DEFERRED;


--
-- TOC entry 5058 (class 2606 OID 16510)
-- Name: auth_user_groups auth_user_groups_group_id_97559544_fk_auth_group_id; Type: FK CONSTRAINT; Schema: public; Owner: postgres
--

ALTER TABLE ONLY public.auth_user_groups
    ADD CONSTRAINT auth_user_groups_group_id_97559544_fk_auth_group_id FOREIGN KEY (group_id) REFERENCES public.auth_group(id) DEFERRABLE INITIALLY DEFERRED;


--
-- TOC entry 5059 (class 2606 OID 16505)
-- Name: auth_user_groups auth_user_groups_user_id_6a12ed8b_fk_auth_user_id; Type: FK CONSTRAINT; Schema: public; Owner: postgres
--

ALTER TABLE ONLY public.auth_user_groups
    ADD CONSTRAINT auth_user_groups_user_id_6a12ed8b_fk_auth_user_id FOREIGN KEY (user_id) REFERENCES public.auth_user(id) DEFERRABLE INITIALLY DEFERRED;


--
-- TOC entry 5060 (class 2606 OID 16524)
-- Name: auth_user_user_permissions auth_user_user_permi_permission_id_1fbb5f2c_fk_auth_perm; Type: FK CONSTRAINT; Schema: public; Owner: postgres
--

ALTER TABLE ONLY public.auth_user_user_permissions
    ADD CONSTRAINT auth_user_user_permi_permission_id_1fbb5f2c_fk_auth_perm FOREIGN KEY (permission_id) REFERENCES public.auth_permission(id) DEFERRABLE INITIALLY DEFERRED;


--
-- TOC entry 5061 (class 2606 OID 16519)
-- Name: auth_user_user_permissions auth_user_user_permissions_user_id_a95ead1b_fk_auth_user_id; Type: FK CONSTRAINT; Schema: public; Owner: postgres
--

ALTER TABLE ONLY public.auth_user_user_permissions
    ADD CONSTRAINT auth_user_user_permissions_user_id_a95ead1b_fk_auth_user_id FOREIGN KEY (user_id) REFERENCES public.auth_user(id) DEFERRABLE INITIALLY DEFERRED;


--
-- TOC entry 5070 (class 2606 OID 16715)
-- Name: authtoken_token authtoken_token_user_id_35299eff_fk_auth_user_id; Type: FK CONSTRAINT; Schema: public; Owner: postgres
--

ALTER TABLE ONLY public.authtoken_token
    ADD CONSTRAINT authtoken_token_user_id_35299eff_fk_auth_user_id FOREIGN KEY (user_id) REFERENCES public.auth_user(id) DEFERRABLE INITIALLY DEFERRED;


--
-- TOC entry 5066 (class 2606 OID 16677)
-- Name: core_answer core_answer_company_id_b7710763_fk_core_company_id; Type: FK CONSTRAINT; Schema: public; Owner: postgres
--

ALTER TABLE ONLY public.core_answer
    ADD CONSTRAINT core_answer_company_id_b7710763_fk_core_company_id FOREIGN KEY (company_id) REFERENCES public.core_company(id) DEFERRABLE INITIALLY DEFERRED;


--
-- TOC entry 5073 (class 2606 OID 17508)
-- Name: core_answer_documents core_answer_documents_answer_id_41571bc8_fk_core_answer_id; Type: FK CONSTRAINT; Schema: public; Owner: postgres
--

ALTER TABLE ONLY public.core_answer_documents
    ADD CONSTRAINT core_answer_documents_answer_id_41571bc8_fk_core_answer_id FOREIGN KEY (answer_id) REFERENCES public.core_answer(id) DEFERRABLE INITIALLY DEFERRED;


--
-- TOC entry 5074 (class 2606 OID 17513)
-- Name: core_answer_documents core_answer_documents_document_id_ed56cf0a_fk_core_document_id; Type: FK CONSTRAINT; Schema: public; Owner: postgres
--

ALTER TABLE ONLY public.core_answer_documents
    ADD CONSTRAINT core_answer_documents_document_id_ed56cf0a_fk_core_document_id FOREIGN KEY (document_id) REFERENCES public.core_document(id) DEFERRABLE INITIALLY DEFERRED;


--
-- TOC entry 5067 (class 2606 OID 16682)
-- Name: core_answer core_answer_question_id_983e3a0c_fk_core_question_id; Type: FK CONSTRAINT; Schema: public; Owner: postgres
--

ALTER TABLE ONLY public.core_answer
    ADD CONSTRAINT core_answer_question_id_983e3a0c_fk_core_question_id FOREIGN KEY (question_id) REFERENCES public.core_question(id) DEFERRABLE INITIALLY DEFERRED;


--
-- TOC entry 5065 (class 2606 OID 16669)
-- Name: core_company core_company_user_id_3e4d1ade_fk_auth_user_id; Type: FK CONSTRAINT; Schema: public; Owner: postgres
--

ALTER TABLE ONLY public.core_company
    ADD CONSTRAINT core_company_user_id_3e4d1ade_fk_auth_user_id FOREIGN KEY (user_id) REFERENCES public.auth_user(id) DEFERRABLE INITIALLY DEFERRED;


--
-- TOC entry 5071 (class 2606 OID 17456)
-- Name: core_companybasismoduldata core_companybasismod_company_id_439f5b1c_fk_core_comp; Type: FK CONSTRAINT; Schema: public; Owner: postgres
--

ALTER TABLE ONLY public.core_companybasismoduldata
    ADD CONSTRAINT core_companybasismod_company_id_439f5b1c_fk_core_comp FOREIGN KEY (company_id) REFERENCES public.core_company(id) DEFERRABLE INITIALLY DEFERRED;


--
-- TOC entry 5072 (class 2606 OID 17480)
-- Name: core_companyextendedmoduledata core_companyextended_company_id_52ebcf3e_fk_core_comp; Type: FK CONSTRAINT; Schema: public; Owner: postgres
--

ALTER TABLE ONLY public.core_companyextendedmoduledata
    ADD CONSTRAINT core_companyextended_company_id_52ebcf3e_fk_core_comp FOREIGN KEY (company_id) REFERENCES public.core_company(id) DEFERRABLE INITIALLY DEFERRED;


--
-- TOC entry 5068 (class 2606 OID 17498)
-- Name: core_document core_document_company_id_29f28d58_fk_core_company_id; Type: FK CONSTRAINT; Schema: public; Owner: postgres
--

ALTER TABLE ONLY public.core_document
    ADD CONSTRAINT core_document_company_id_29f28d58_fk_core_company_id FOREIGN KEY (company_id) REFERENCES public.core_company(id) DEFERRABLE INITIALLY DEFERRED;


--
-- TOC entry 5064 (class 2606 OID 16663)
-- Name: core_question core_question_sub_category_id_b2bd9e5a_fk_core_subcategory_id; Type: FK CONSTRAINT; Schema: public; Owner: postgres
--

ALTER TABLE ONLY public.core_question
    ADD CONSTRAINT core_question_sub_category_id_b2bd9e5a_fk_core_subcategory_id FOREIGN KEY (sub_category_id) REFERENCES public.core_subcategory(id) DEFERRABLE INITIALLY DEFERRED;


--
-- TOC entry 5069 (class 2606 OID 16695)
-- Name: core_subcategory core_subcategory_category_id_ca17dbdb_fk_core_category_id; Type: FK CONSTRAINT; Schema: public; Owner: postgres
--

ALTER TABLE ONLY public.core_subcategory
    ADD CONSTRAINT core_subcategory_category_id_ca17dbdb_fk_core_category_id FOREIGN KEY (category_id) REFERENCES public.core_category(id) DEFERRABLE INITIALLY DEFERRED;


--
-- TOC entry 5062 (class 2606 OID 16546)
-- Name: django_admin_log django_admin_log_content_type_id_c4bce8eb_fk_django_co; Type: FK CONSTRAINT; Schema: public; Owner: postgres
--

ALTER TABLE ONLY public.django_admin_log
    ADD CONSTRAINT django_admin_log_content_type_id_c4bce8eb_fk_django_co FOREIGN KEY (content_type_id) REFERENCES public.django_content_type(id) DEFERRABLE INITIALLY DEFERRED;


--
-- TOC entry 5063 (class 2606 OID 16551)
-- Name: django_admin_log django_admin_log_user_id_c564eba6_fk_auth_user_id; Type: FK CONSTRAINT; Schema: public; Owner: postgres
--

ALTER TABLE ONLY public.django_admin_log
    ADD CONSTRAINT django_admin_log_user_id_c564eba6_fk_auth_user_id FOREIGN KEY (user_id) REFERENCES public.auth_user(id) DEFERRABLE INITIALLY DEFERRED;


-- Completed on 2026-05-19 07:25:08

--
-- PostgreSQL database dump complete
--

\unrestrict dVEmyrhEIziNVntZQLFnaNL8fUgm1V161feNIo5k1QgendfDvv4kFJZxTP5ZaVK

